activity_comment,activity_id,activity_properties,assay_chembl_id,assay_description,assay_type,assay_variant_accession,assay_variant_mutation,bao_endpoint,bao_format,bao_label,canonical_smiles,data_validity_comment,data_validity_description,document_chembl_id,document_journal,document_year,ligand_efficiency,molecule_chembl_id,molecule_pref_name,parent_molecule_chembl_id,pchembl_value,potential_duplicate,qudt_units,record_id,relation,src_id,standard_flag,standard_relation,standard_text_value,standard_type,standard_units,standard_upper_value,standard_value,target_chembl_id,target_organism,target_pref_name,target_tax_id,text_value,toid,type,units,uo_units,upper_value,value
,16508071,[],CHEMBL3779201,Binding affinity to CDK19/Cyclin C (unknown origin) by reporter displacement assay,B,,,BAO_0000190,BAO_0000223,protein complex format,CNC(=O)c1ccc2[nH]nc(Cc3ccc4c(cnn4C)c3)c2c1,,,CHEMBL3774357,Bioorg. Med. Chem. Lett.,2016.0,"{'bei': '23.75', 'le': '0.43', 'lle': '5.19', 'sei': '10.03'}",CHEMBL3775576,,CHEMBL3775576,7.58,0,http://www.openphacts.org/units/Nanomolar,2763260,=,1,1,=,,IC50,nM,,26.0,CHEMBL3883323,Homo sapiens,Cyclin-C/Cyclin-dependent kinase 19,9606,,,IC50,nM,UO_0000065,,26.0
,16509067,[],CHEMBL3779201,Binding affinity to CDK19/Cyclin C (unknown origin) by reporter displacement assay,B,,,BAO_0000190,BAO_0000223,protein complex format,Cn1cc(-c2ccc(Cc3n[nH]c4ccc(C(=O)N5CC[C@@H](O)C5)cc34)cc2)cn1,,,CHEMBL3774357,Bioorg. Med. Chem. Lett.,2016.0,"{'bei': '20.92', 'le': '0.38', 'lle': '5.64', 'sei': '9.65'}",CHEMBL3775317,,CHEMBL3775317,8.40,0,http://www.openphacts.org/units/Nanomolar,2763273,=,1,1,=,,IC50,nM,,4.0,CHEMBL3883323,Homo sapiens,Cyclin-C/Cyclin-dependent kinase 19,9606,,,IC50,nM,UO_0000065,,4.0
,16573757,[],CHEMBL3803437,Binding affinity to human CDK19 (1 to 502 amino acid residues)/Cyclin C (1 to 283 amino acid residues) by reporter displacement assay,B,,,BAO_0000190,BAO_0000223,protein complex format,O=C1NCCC12CCN(c1c(Cl)cncc1-c1ccc(-c3cnn(CCO)c3)cc1)CC2,,,CHEMBL3797072,J. Med. Chem.,2016.0,"{'bei': '19.03', 'le': '0.37', 'lle': '5.24', 'sei': '10.33'}",CHEMBL3798663,,CHEMBL3798663,8.60,0,http://www.openphacts.org/units/Nanomolar,2773753,=,1,1,=,,IC50,nM,,2.5,CHEMBL3883323,Homo sapiens,Cyclin-C/Cyclin-dependent kinase 19,9606,,,IC50,nM,UO_0000065,,2.5
,16573763,[],CHEMBL3803437,Binding affinity to human CDK19 (1 to 502 amino acid residues)/Cyclin C (1 to 283 amino acid residues) by reporter displacement assay,B,,,BAO_0000190,BAO_0000223,protein complex format,CC(C)(O)Cn1cc(-c2ccc(-c3cncc(Cl)c3N3CCC4(CCNC4=O)CC3)cc2)cn1,,,CHEMBL3797072,J. Med. Chem.,2016.0,"{'bei': '18.45', 'le': '0.36', 'lle': '4.71', 'sei': '10.63'}",CHEMBL3798944,,CHEMBL3798944,8.85,0,http://www.openphacts.org/units/Nanomolar,2773456,=,1,1,=,,IC50,nM,,1.4,CHEMBL3883323,Homo sapiens,Cyclin-C/Cyclin-dependent kinase 19,9606,,,IC50,nM,UO_0000065,,1.4
Not Determined,16573771,[],CHEMBL3803437,Binding affinity to human CDK19 (1 to 502 amino acid residues)/Cyclin C (1 to 283 amino acid residues) by reporter displacement assay,B,,,BAO_0000190,BAO_0000223,protein complex format,CN(C)CCn1cc(-c2ccc(-c3cncc(Cl)c3N3CCC4(CCNC4=O)CC3)cc2)cn1,,,CHEMBL3797072,J. Med. Chem.,2016.0,,CHEMBL3798294,,CHEMBL3798294,,0,,2773457,,1,0,,,IC50,,,,CHEMBL3883323,Homo sapiens,Cyclin-C/Cyclin-dependent kinase 19,9606,,,IC50,,,,
,16573779,[],CHEMBL3803437,Binding affinity to human CDK19 (1 to 502 amino acid residues)/Cyclin C (1 to 283 amino acid residues) by reporter displacement assay,B,,,BAO_0000190,BAO_0000223,protein complex format,O=C1NCCC12CCN(c1c(Cl)cncc1-c1ccc(-c3cnn(CCN4CCCC4)c3)cc1)CC2,,,CHEMBL3797072,J. Med. Chem.,2016.0,"{'bei': '15.22', 'le': '0.29', 'lle': '3.22', 'sei': '11.59'}",CHEMBL3798318,,CHEMBL3798318,7.69,0,http://www.openphacts.org/units/Nanomolar,2773458,=,1,1,=,,IC50,nM,,20.6,CHEMBL3883323,Homo sapiens,Cyclin-C/Cyclin-dependent kinase 19,9606,,,IC50,nM,UO_0000065,,20.6
Not Determined,16573787,[],CHEMBL3803437,Binding affinity to human CDK19 (1 to 502 amino acid residues)/Cyclin C (1 to 283 amino acid residues) by reporter displacement assay,B,,,BAO_0000190,BAO_0000223,protein complex format,Cc1nc(-c2ccc(-c3cncc(Cl)c3N3CCC4(CCNC4=O)CC3)cc2)cn1C,,,CHEMBL3797072,J. Med. Chem.,2016.0,,CHEMBL3798430,,CHEMBL3798430,,0,,2773754,,1,0,,,IC50,,,,CHEMBL3883323,Homo sapiens,Cyclin-C/Cyclin-dependent kinase 19,9606,,,IC50,,,,
,16573793,[],CHEMBL3803437,Binding affinity to human CDK19 (1 to 502 amino acid residues)/Cyclin C (1 to 283 amino acid residues) by reporter displacement assay,B,,,BAO_0000190,BAO_0000223,protein complex format,O=C1NCCC12CCN(c1c(Cl)cncc1-c1ccc3c(c1)CS(=O)(=O)N3)CC2,,,CHEMBL3797072,J. Med. Chem.,2016.0,"{'bei': '19.87', 'le': '0.41', 'lle': '5.84', 'sei': '9.41'}",CHEMBL3800311,,CHEMBL3800311,8.60,0,http://www.openphacts.org/units/Nanomolar,2773755,=,1,1,=,,IC50,nM,,2.5,CHEMBL3883323,Homo sapiens,Cyclin-C/Cyclin-dependent kinase 19,9606,,,IC50,nM,UO_0000065,,2.5
,16573799,[],CHEMBL3803437,Binding affinity to human CDK19 (1 to 502 amino acid residues)/Cyclin C (1 to 283 amino acid residues) by reporter displacement assay,B,,,BAO_0000190,BAO_0000223,protein complex format,CN1c2ccc(-c3cncc(Cl)c3N3CCC4(CCNC4=O)CC3)cc2CS1(=O)=O,,,CHEMBL3797072,J. Med. Chem.,2016.0,"{'bei': '19.56', 'le': '0.40', 'lle': '5.95', 'sei': '10.59'}",CHEMBL3797571,,CHEMBL3797571,8.74,0,http://www.openphacts.org/units/Nanomolar,2773461,=,1,1,=,,IC50,nM,,1.8,CHEMBL3883323,Homo sapiens,Cyclin-C/Cyclin-dependent kinase 19,9606,,,IC50,nM,UO_0000065,,1.8
Not Determined,16573807,[],CHEMBL3803437,Binding affinity to human CDK19 (1 to 502 amino acid residues)/Cyclin C (1 to 283 amino acid residues) by reporter displacement assay,B,,,BAO_0000190,BAO_0000223,protein complex format,CN1c2cc(-c3cncc(Cl)c3N3CCC4(CCNC4=O)CC3)ccc2CS1(=O)=O,,,CHEMBL3797072,J. Med. Chem.,2016.0,,CHEMBL3797317,,CHEMBL3797317,,0,,2773462,,1,0,,,IC50,,,,CHEMBL3883323,Homo sapiens,Cyclin-C/Cyclin-dependent kinase 19,9606,,,IC50,,,,
,16573815,[],CHEMBL3803437,Binding affinity to human CDK19 (1 to 502 amino acid residues)/Cyclin C (1 to 283 amino acid residues) by reporter displacement assay,B,,,BAO_0000190,BAO_0000223,protein complex format,Nc1n[nH]c2cc(-c3cncc(Cl)c3N3CCC4(CCNC4=O)CC3)ccc12,,,CHEMBL3797072,J. Med. Chem.,2016.0,"{'bei': '21.37', 'le': '0.41', 'lle': '5.51', 'sei': '8.49'}",CHEMBL3797855,,CHEMBL3797855,8.48,0,http://www.openphacts.org/units/Nanomolar,2773756,=,1,1,=,,IC50,nM,,3.3,CHEMBL3883323,Homo sapiens,Cyclin-C/Cyclin-dependent kinase 19,9606,,,IC50,nM,UO_0000065,,3.3
Not Determined,16573823,[],CHEMBL3803437,Binding affinity to human CDK19 (1 to 502 amino acid residues)/Cyclin C (1 to 283 amino acid residues) by reporter displacement assay,B,,,BAO_0000190,BAO_0000223,protein complex format,Cn1cc(-c2ccc(-c3cncc(Cl)c3N3CCC4(CC3)COC(=O)N4)cc2)cn1,,,CHEMBL3797072,J. Med. Chem.,2016.0,,CHEMBL3798712,,CHEMBL3798712,,0,,2773464,,1,0,,,IC50,,,,CHEMBL3883323,Homo sapiens,Cyclin-C/Cyclin-dependent kinase 19,9606,,,IC50,,,,
,16573828,[],CHEMBL3803437,Binding affinity to human CDK19 (1 to 502 amino acid residues)/Cyclin C (1 to 283 amino acid residues) by reporter displacement assay,B,,,BAO_0000190,BAO_0000223,protein complex format,Cn1cc(-c2ccc(-c3cncc(Cl)c3N3CCC4(CC3)CNC(=O)O4)cc2)cn1,,,CHEMBL3797072,J. Med. Chem.,2016.0,"{'bei': '19.17', 'le': '0.37', 'lle': '4.24', 'sei': '11.24'}",CHEMBL3799742,,CHEMBL3799742,8.12,0,http://www.openphacts.org/units/Nanomolar,2773465,=,1,1,=,,IC50,nM,,7.5,CHEMBL3883323,Homo sapiens,Cyclin-C/Cyclin-dependent kinase 19,9606,,,IC50,nM,UO_0000065,,7.5
,16573836,[],CHEMBL3803437,Binding affinity to human CDK19 (1 to 502 amino acid residues)/Cyclin C (1 to 283 amino acid residues) by reporter displacement assay,B,,,BAO_0000190,BAO_0000223,protein complex format,CN1c2ccc(-c3cncc(Cl)c3N3CCC4(CC3)CNC(=O)O4)cc2CS1(=O)=O,,,CHEMBL3797072,J. Med. Chem.,2016.0,"{'bei': '19.48', 'le': '0.40', 'lle': '5.98', 'sei': '9.52'}",CHEMBL3799307,,CHEMBL3799307,8.74,0,http://www.openphacts.org/units/Nanomolar,2773757,=,1,1,=,,IC50,nM,,1.8,CHEMBL3883323,Homo sapiens,Cyclin-C/Cyclin-dependent kinase 19,9606,,,IC50,nM,UO_0000065,,1.8
Not Determined,16573849,[],CHEMBL3803437,Binding affinity to human CDK19 (1 to 502 amino acid residues)/Cyclin C (1 to 283 amino acid residues) by reporter displacement assay,B,,,BAO_0000190,BAO_0000223,protein complex format,CN1c2ccc(-c3cncc(Cl)c3N3CCC4(CC3)OC(=O)NC4(C)C)cc2CS1(=O)=O,,,CHEMBL3797072,J. Med. Chem.,2016.0,,CHEMBL3800432,,CHEMBL3800432,,0,,2773467,,1,0,,,IC50,,,,CHEMBL3883323,Homo sapiens,Cyclin-C/Cyclin-dependent kinase 19,9606,,,IC50,,,,
,16573857,[],CHEMBL3803437,Binding affinity to human CDK19 (1 to 502 amino acid residues)/Cyclin C (1 to 283 amino acid residues) by reporter displacement assay,B,,,BAO_0000190,BAO_0000223,protein complex format,Cn1cc(-c2ccc(-c3cncc(Cl)c3N3CCC4(CC3)NCNC4=O)cc2)cn1,,,CHEMBL3797072,J. Med. Chem.,2016.0,"{'bei': '19.10', 'le': '0.37', 'lle': '5.26', 'sei': '10.76'}",CHEMBL3798632,,CHEMBL3798632,8.08,0,http://www.openphacts.org/units/Nanomolar,2773468,=,1,1,=,,IC50,nM,,8.4,CHEMBL3883323,Homo sapiens,Cyclin-C/Cyclin-dependent kinase 19,9606,,,IC50,nM,UO_0000065,,8.4
,16573867,[],CHEMBL3803437,Binding affinity to human CDK19 (1 to 502 amino acid residues)/Cyclin C (1 to 283 amino acid residues) by reporter displacement assay,B,,,BAO_0000190,BAO_0000223,protein complex format,Cn1cc(-c2ccc(-c3cncc(Cl)c3N3CCC4(CC3)NC(=O)NC4=O)cc2)cn1,,,CHEMBL3797072,J. Med. Chem.,2016.0,"{'bei': '18.89', 'le': '0.36', 'lle': '5.27', 'sei': '8.95'}",CHEMBL3800210,,CHEMBL3800210,8.25,0,http://www.openphacts.org/units/Nanomolar,2773758,=,1,1,=,,IC50,nM,,5.6,CHEMBL3883323,Homo sapiens,Cyclin-C/Cyclin-dependent kinase 19,9606,,,IC50,nM,UO_0000065,,5.6
Not Determined,16573875,[],CHEMBL3803437,Binding affinity to human CDK19 (1 to 502 amino acid residues)/Cyclin C (1 to 283 amino acid residues) by reporter displacement assay,B,,,BAO_0000190,BAO_0000223,protein complex format,CN1c2ccc(-c3cncc(Cl)c3N3CCC4(CC3)NC(=O)NC4=O)cc2CS1(=O)=O,,,CHEMBL3797072,J. Med. Chem.,2016.0,,CHEMBL3798987,,CHEMBL3798987,,0,,2773714,,1,0,,,IC50,,,,CHEMBL3883323,Homo sapiens,Cyclin-C/Cyclin-dependent kinase 19,9606,,,IC50,,,,
,16573883,[],CHEMBL3803437,Binding affinity to human CDK19 (1 to 502 amino acid residues)/Cyclin C (1 to 283 amino acid residues) by reporter displacement assay,B,,,BAO_0000190,BAO_0000223,protein complex format,CC1=NC2(CCN(c3c(Cl)cncc3-c3ccc4c(c3)CS(=O)(=O)N4C)CC2)C(=O)N1,,,CHEMBL3797072,J. Med. Chem.,2016.0,"{'bei': '18.09', 'le': '0.37', 'lle': '5.75', 'sei': '8.76'}",CHEMBL3797495,,CHEMBL3797495,8.32,0,http://www.openphacts.org/units/Nanomolar,2773759,=,1,1,=,,IC50,nM,,4.8,CHEMBL3883323,Homo sapiens,Cyclin-C/Cyclin-dependent kinase 19,9606,,,IC50,nM,UO_0000065,,4.8
Not Determined,16573889,[],CHEMBL3803437,Binding affinity to human CDK19 (1 to 502 amino acid residues)/Cyclin C (1 to 283 amino acid residues) by reporter displacement assay,B,,,BAO_0000190,BAO_0000223,protein complex format,Cn1cc(-c2ccc(-c3cncc(Cl)c3N3CCC4(CC3)NC(=O)CNC4=O)cc2)cn1,,,CHEMBL3797072,J. Med. Chem.,2016.0,,CHEMBL3799679,,CHEMBL3799679,,0,,2773760,,1,0,,,IC50,,,,CHEMBL3883323,Homo sapiens,Cyclin-C/Cyclin-dependent kinase 19,9606,,,IC50,,,,
,16573900,[],CHEMBL3803437,Binding affinity to human CDK19 (1 to 502 amino acid residues)/Cyclin C (1 to 283 amino acid residues) by reporter displacement assay,B,,,BAO_0000190,BAO_0000223,protein complex format,CC1=NNC(=O)C12CCN(c1c(Cl)cncc1-c1ccc3c(c1)CS(=O)(=O)N3C)CC2,,,CHEMBL3797072,J. Med. Chem.,2016.0,"{'bei': '19.57', 'le': '0.40', 'lle': '6.23', 'sei': '9.48'}",CHEMBL3799396,,CHEMBL3799396,9.00,0,http://www.openphacts.org/units/Nanomolar,2773717,=,1,1,=,,IC50,nM,,1.0,CHEMBL3883323,Homo sapiens,Cyclin-C/Cyclin-dependent kinase 19,9606,,,IC50,nM,UO_0000065,,1.0
Not Determined,16573908,[],CHEMBL3803437,Binding affinity to human CDK19 (1 to 502 amino acid residues)/Cyclin C (1 to 283 amino acid residues) by reporter displacement assay,B,,,BAO_0000190,BAO_0000223,protein complex format,CN1c2ccc(-c3cncc(Cl)c3N3CCC4(CC3)C(=O)NN=C4C(F)(F)F)cc2CS1(=O)=O,,,CHEMBL3797072,J. Med. Chem.,2016.0,,CHEMBL3798129,,CHEMBL3798129,,0,,2773761,,1,0,,,IC50,,,,CHEMBL3883323,Homo sapiens,Cyclin-C/Cyclin-dependent kinase 19,9606,,,IC50,,,,
Not Determined,16573914,[],CHEMBL3803437,Binding affinity to human CDK19 (1 to 502 amino acid residues)/Cyclin C (1 to 283 amino acid residues) by reporter displacement assay,B,,,BAO_0000190,BAO_0000223,protein complex format,CN(C)CCC1(C#N)CCN(c2c(Cl)cncc2-c2ccc3c(c2)CS(=O)(=O)N3C)CC1,,,CHEMBL3797072,J. Med. Chem.,2016.0,,CHEMBL3798886,,CHEMBL3798886,,0,,2773762,,1,0,,,IC50,,,,CHEMBL3883323,Homo sapiens,Cyclin-C/Cyclin-dependent kinase 19,9606,,,IC50,,,,
,16573921,[],CHEMBL3803437,Binding affinity to human CDK19 (1 to 502 amino acid residues)/Cyclin C (1 to 283 amino acid residues) by reporter displacement assay,B,,,BAO_0000190,BAO_0000223,protein complex format,CN1CCCC12CCN(c1c(Cl)cncc1-c1ccc3c(c1)CS(=O)(=O)N3C)CC2,,,CHEMBL3797072,J. Med. Chem.,2016.0,"{'bei': '17.10', 'le': '0.35', 'lle': '3.89', 'sei': '13.47'}",CHEMBL3798587,,CHEMBL3798587,7.64,0,http://www.openphacts.org/units/Nanomolar,2773720,=,1,1,=,,IC50,nM,,22.7,CHEMBL3883323,Homo sapiens,Cyclin-C/Cyclin-dependent kinase 19,9606,,,IC50,nM,UO_0000065,,22.7
Not Determined,16573929,[],CHEMBL3803437,Binding affinity to human CDK19 (1 to 502 amino acid residues)/Cyclin C (1 to 283 amino acid residues) by reporter displacement assay,B,,,BAO_0000190,BAO_0000223,protein complex format,COCCN1CCCC12CCN(c1c(Cl)cncc1-c1ccc(-c3cnn(C)c3)cc1)CC2,,,CHEMBL3797072,J. Med. Chem.,2016.0,,CHEMBL3797689,,CHEMBL3797689,,0,,2773721,,1,0,,,IC50,,,,CHEMBL3883323,Homo sapiens,Cyclin-C/Cyclin-dependent kinase 19,9606,,,IC50,,,,
,16573937,[],CHEMBL3803437,Binding affinity to human CDK19 (1 to 502 amino acid residues)/Cyclin C (1 to 283 amino acid residues) by reporter displacement assay,B,,,BAO_0000190,BAO_0000223,protein complex format,COCCN1CCCC12CCN(c1c(Cl)cncc1-c1ccc3c(c1)CS(=O)(=O)N3C)CC2,,,CHEMBL3797072,J. Med. Chem.,2016.0,"{'bei': '15.75', 'le': '0.32', 'lle': '3.98', 'sei': '11.72'}",CHEMBL3798778,,CHEMBL3798778,7.74,0,http://www.openphacts.org/units/Nanomolar,2773722,=,1,1,=,,IC50,nM,,18.4,CHEMBL3883323,Homo sapiens,Cyclin-C/Cyclin-dependent kinase 19,9606,,,IC50,nM,UO_0000065,,18.4
,16573945,[],CHEMBL3803437,Binding affinity to human CDK19 (1 to 502 amino acid residues)/Cyclin C (1 to 283 amino acid residues) by reporter displacement assay,B,,,BAO_0000190,BAO_0000223,protein complex format,COCCCN1CCCC12CCN(c1c(Cl)cncc1-c1ccc3c(c1)CS(=O)(=O)N3C)CC2,,,CHEMBL3797072,J. Med. Chem.,2016.0,"{'bei': '13.94', 'le': '0.28', 'lle': '2.89', 'sei': '10.67'}",CHEMBL3800399,,CHEMBL3800399,7.04,0,http://www.openphacts.org/units/Nanomolar,2773723,=,1,1,=,,IC50,nM,,90.7,CHEMBL3883323,Homo sapiens,Cyclin-C/Cyclin-dependent kinase 19,9606,,,IC50,nM,UO_0000065,,90.7
Not Determined,16573953,[],CHEMBL3803437,Binding affinity to human CDK19 (1 to 502 amino acid residues)/Cyclin C (1 to 283 amino acid residues) by reporter displacement assay,B,,,BAO_0000190,BAO_0000223,protein complex format,CN1c2ccc(-c3cncc(Cl)c3N3CCC4(CCCN4CCCS(C)(=O)=O)CC3)cc2CS1(=O)=O,,,CHEMBL3797072,J. Med. Chem.,2016.0,,CHEMBL3799159,,CHEMBL3799159,,0,,2773724,,1,0,,,IC50,,,,CHEMBL3883323,Homo sapiens,Cyclin-C/Cyclin-dependent kinase 19,9606,,,IC50,,,,
Not Determined,16573961,[],CHEMBL3803437,Binding affinity to human CDK19 (1 to 502 amino acid residues)/Cyclin C (1 to 283 amino acid residues) by reporter displacement assay,B,,,BAO_0000190,BAO_0000223,protein complex format,Cn1cc(-c2ccc(-c3cncc(F)c3N3CCC4(CCNC4=O)CC3)cc2)cn1,,,CHEMBL3797072,J. Med. Chem.,2016.0,,CHEMBL3798362,,CHEMBL3798362,,0,,2773725,,1,0,,,IC50,,,,CHEMBL3883323,Homo sapiens,Cyclin-C/Cyclin-dependent kinase 19,9606,,,IC50,,,,
,16573969,[],CHEMBL3803437,Binding affinity to human CDK19 (1 to 502 amino acid residues)/Cyclin C (1 to 283 amino acid residues) by reporter displacement assay,B,,,BAO_0000190,BAO_0000223,protein complex format,CN1c2ccc(-c3cncc(F)c3N3CCC4(CCNC4=O)CC3)cc2CS1(=O)=O,,,CHEMBL3797072,J. Med. Chem.,2016.0,"{'bei': '19.80', 'le': '0.39', 'lle': '6.25', 'sei': '10.32'}",CHEMBL3799116,,CHEMBL3799116,8.52,0,http://www.openphacts.org/units/Nanomolar,2773726,=,1,1,=,,IC50,nM,,3.0,CHEMBL3883323,Homo sapiens,Cyclin-C/Cyclin-dependent kinase 19,9606,,,IC50,nM,UO_0000065,,3.0
Not Determined,16574852,[],CHEMBL3803437,Binding affinity to human CDK19 (1 to 502 amino acid residues)/Cyclin C (1 to 283 amino acid residues) by reporter displacement assay,B,,,BAO_0000190,BAO_0000223,protein complex format,Cn1cc(-c2ccc(-c3cncc(F)c3N3CCC4(CC3)CNC(=O)O4)cc2)cn1,,,CHEMBL3797072,J. Med. Chem.,2016.0,,CHEMBL3800307,,CHEMBL3800307,,0,,2773727,,1,0,,,IC50,,,,CHEMBL3883323,Homo sapiens,Cyclin-C/Cyclin-dependent kinase 19,9606,,,IC50,,,,
Not Determined,16574860,[],CHEMBL3803437,Binding affinity to human CDK19 (1 to 502 amino acid residues)/Cyclin C (1 to 283 amino acid residues) by reporter displacement assay,B,,,BAO_0000190,BAO_0000223,protein complex format,CN1c2ccc(-c3cncc(F)c3N3CCC4(CC3)CNC(=O)O4)cc2CS1(=O)=O,,,CHEMBL3797072,J. Med. Chem.,2016.0,,CHEMBL3800037,,CHEMBL3800037,,0,,2773728,,1,0,,,IC50,,,,CHEMBL3883323,Homo sapiens,Cyclin-C/Cyclin-dependent kinase 19,9606,,,IC50,,,,
Not Determined,16574868,[],CHEMBL3803437,Binding affinity to human CDK19 (1 to 502 amino acid residues)/Cyclin C (1 to 283 amino acid residues) by reporter displacement assay,B,,,BAO_0000190,BAO_0000223,protein complex format,Cn1cc(-c2ccc(-c3cncc(C(F)(F)F)c3N3CCC4(CCNC4=O)CC3)cc2)cn1,,,CHEMBL3797072,J. Med. Chem.,2016.0,,CHEMBL3797212,,CHEMBL3797212,,0,,2773763,,1,0,,,IC50,,,,CHEMBL3883323,Homo sapiens,Cyclin-C/Cyclin-dependent kinase 19,9606,,,IC50,,,,
,16574875,[],CHEMBL3803437,Binding affinity to human CDK19 (1 to 502 amino acid residues)/Cyclin C (1 to 283 amino acid residues) by reporter displacement assay,B,,,BAO_0000190,BAO_0000223,protein complex format,CN1c2ccc(-c3cncc(C(F)(F)F)c3N3CCC4(CCNC4=O)CC3)cc2CS1(=O)=O,,,CHEMBL3797072,J. Med. Chem.,2016.0,"{'bei': '18.15', 'le': '0.36', 'lle': '5.57', 'sei': '10.56'}",CHEMBL3798726,,CHEMBL3798726,8.72,0,http://www.openphacts.org/units/Nanomolar,2773764,=,1,1,=,,IC50,nM,,1.9,CHEMBL3883323,Homo sapiens,Cyclin-C/Cyclin-dependent kinase 19,9606,,,IC50,nM,UO_0000065,,1.9
,16574882,[],CHEMBL3803437,Binding affinity to human CDK19 (1 to 502 amino acid residues)/Cyclin C (1 to 283 amino acid residues) by reporter displacement assay,B,,,BAO_0000190,BAO_0000223,protein complex format,Cn1cc(-c2ccc(-c3cncc(C(F)(F)F)c3N3CCC4(CC3)CNC(=O)O4)cc2)cn1,,,CHEMBL3797072,J. Med. Chem.,2016.0,"{'bei': '17.72', 'le': '0.34', 'lle': '3.86', 'sei': '11.22'}",CHEMBL3799826,,CHEMBL3799826,8.11,0,http://www.openphacts.org/units/Nanomolar,2773765,=,1,1,=,,IC50,nM,,7.8,CHEMBL3883323,Homo sapiens,Cyclin-C/Cyclin-dependent kinase 19,9606,,,IC50,nM,UO_0000065,,7.8
,16574888,[],CHEMBL3803437,Binding affinity to human CDK19 (1 to 502 amino acid residues)/Cyclin C (1 to 283 amino acid residues) by reporter displacement assay,B,,,BAO_0000190,BAO_0000223,protein complex format,Cn1cc(-c2ccc(-c3cnc(N)c(Cl)c3N3CCC4(CCNC4=O)CC3)cc2)cn1,,,CHEMBL3797072,J. Med. Chem.,2016.0,"{'bei': '19.35', 'le': '0.37', 'lle': '4.97', 'sei': '9.49'}",CHEMBL3797558,,CHEMBL3797558,8.46,0,http://www.openphacts.org/units/Nanomolar,2773732,=,1,1,=,,IC50,nM,,3.5,CHEMBL3883323,Homo sapiens,Cyclin-C/Cyclin-dependent kinase 19,9606,,,IC50,nM,UO_0000065,,3.5
Not Determined,16574896,[],CHEMBL3803437,Binding affinity to human CDK19 (1 to 502 amino acid residues)/Cyclin C (1 to 283 amino acid residues) by reporter displacement assay,B,,,BAO_0000190,BAO_0000223,protein complex format,CC(C)(O)Cn1cc(-c2ccc(-c3cnc(N)c(Cl)c3N3CCC4(CCNC4=O)CC3)cc2)cn1,,,CHEMBL3797072,J. Med. Chem.,2016.0,,CHEMBL3798419,,CHEMBL3798419,,0,,2773733,,1,0,,,IC50,,,,CHEMBL3883323,Homo sapiens,Cyclin-C/Cyclin-dependent kinase 19,9606,,,IC50,,,,
Not Determined,16574904,[],CHEMBL3803437,Binding affinity to human CDK19 (1 to 502 amino acid residues)/Cyclin C (1 to 283 amino acid residues) by reporter displacement assay,B,,,BAO_0000190,BAO_0000223,protein complex format,Nc1ncc(-c2ccc3c(N)n[nH]c3c2)c(N2CCC3(CCNC3=O)CC2)c1Cl,,,CHEMBL3797072,J. Med. Chem.,2016.0,,CHEMBL3799581,,CHEMBL3799581,,0,,2773766,,1,0,,,IC50,,,,CHEMBL3883323,Homo sapiens,Cyclin-C/Cyclin-dependent kinase 19,9606,,,IC50,,,,
,16574911,[],CHEMBL3803437,Binding affinity to human CDK19 (1 to 502 amino acid residues)/Cyclin C (1 to 283 amino acid residues) by reporter displacement assay,B,,,BAO_0000190,BAO_0000223,protein complex format,CN1c2ccc(-c3cnc(N)c(Cl)c3N3CCC4(CCNC4=O)CC3)cc2CS1(=O)=O,,,CHEMBL3797072,J. Med. Chem.,2016.0,"{'bei': '18.42', 'le': '0.37', 'lle': '6.14', 'sei': '7.83'}",CHEMBL3799212,,CHEMBL3799212,8.51,0,http://www.openphacts.org/units/Nanomolar,2773735,=,1,1,=,,IC50,nM,,3.1,CHEMBL3883323,Homo sapiens,Cyclin-C/Cyclin-dependent kinase 19,9606,,,IC50,nM,UO_0000065,,3.1
,16574919,[],CHEMBL3803437,Binding affinity to human CDK19 (1 to 502 amino acid residues)/Cyclin C (1 to 283 amino acid residues) by reporter displacement assay,B,,,BAO_0000190,BAO_0000223,protein complex format,Cn1cc(-c2ccc(-c3cnc(N)c(Cl)c3N3CCC4(CC3)CNC(=O)O4)cc2)cn1,,,CHEMBL3797072,J. Med. Chem.,2016.0,"{'bei': '18.78', 'le': '0.36', 'lle': '4.78', 'sei': '8.39'}",CHEMBL3797472,,CHEMBL3797472,8.24,0,http://www.openphacts.org/units/Nanomolar,2773767,=,1,1,=,,IC50,nM,,5.7,CHEMBL3883323,Homo sapiens,Cyclin-C/Cyclin-dependent kinase 19,9606,,,IC50,nM,UO_0000065,,5.7
,16574930,[],CHEMBL3803437,Binding affinity to human CDK19 (1 to 502 amino acid residues)/Cyclin C (1 to 283 amino acid residues) by reporter displacement assay,B,,,BAO_0000190,BAO_0000223,protein complex format,CN1c2ccc(-c3cnc(N)c(Cl)c3N3CCC4(CC3)CNC(=O)O4)cc2CS1(=O)=O,,,CHEMBL3797072,J. Med. Chem.,2016.0,"{'bei': '18.70', 'le': '0.38', 'lle': '6.34', 'sei': '7.36'}",CHEMBL3798853,,CHEMBL3798853,8.68,0,http://www.openphacts.org/units/Nanomolar,2773768,=,1,1,=,,IC50,nM,,2.1,CHEMBL3883323,Homo sapiens,Cyclin-C/Cyclin-dependent kinase 19,9606,,,IC50,nM,UO_0000065,,2.1
,16574941,[],CHEMBL3803437,Binding affinity to human CDK19 (1 to 502 amino acid residues)/Cyclin C (1 to 283 amino acid residues) by reporter displacement assay,B,,,BAO_0000190,BAO_0000223,protein complex format,Cn1cc(-c2ccc(-c3cnc(N)c(Cl)c3N3CCC4(CC3)NC(=O)NC4=O)cc2)cn1,,,CHEMBL3797072,J. Med. Chem.,2016.0,"{'bei': '18.77', 'le': '0.36', 'lle': '5.92', 'sei': '7.18'}",CHEMBL3798804,,CHEMBL3798804,8.48,0,http://www.openphacts.org/units/Nanomolar,2773769,=,1,1,=,,IC50,nM,,3.3,CHEMBL3883323,Homo sapiens,Cyclin-C/Cyclin-dependent kinase 19,9606,,,IC50,nM,UO_0000065,,3.3
,16574947,[],CHEMBL3803437,Binding affinity to human CDK19 (1 to 502 amino acid residues)/Cyclin C (1 to 283 amino acid residues) by reporter displacement assay,B,,,BAO_0000190,BAO_0000223,protein complex format,CN1c2ccc(-c3cnc(N)c(F)c3N3CCC4(CCNC4=O)CC3)cc2CS1(=O)=O,,,CHEMBL3797072,J. Med. Chem.,2016.0,"{'bei': '19.23', 'le': '0.38', 'lle': '6.71', 'sei': '7.89'}",CHEMBL3797440,,CHEMBL3797440,8.57,0,http://www.openphacts.org/units/Nanomolar,2773739,=,1,1,=,,IC50,nM,,2.7,CHEMBL3883323,Homo sapiens,Cyclin-C/Cyclin-dependent kinase 19,9606,,,IC50,nM,UO_0000065,,2.7
Not Determined,16574955,[],CHEMBL3803437,Binding affinity to human CDK19 (1 to 502 amino acid residues)/Cyclin C (1 to 283 amino acid residues) by reporter displacement assay,B,,,BAO_0000190,BAO_0000223,protein complex format,CN1c2ccc(-c3cnc(N)c(F)c3N3CCC4(CC3)CNC(=O)O4)cc2CS1(=O)=O,,,CHEMBL3797072,J. Med. Chem.,2016.0,,CHEMBL3797656,,CHEMBL3797656,,0,,2773740,,1,0,,,IC50,,,,CHEMBL3883323,Homo sapiens,Cyclin-C/Cyclin-dependent kinase 19,9606,,,IC50,,,,
Not Determined,16574963,[],CHEMBL3803437,Binding affinity to human CDK19 (1 to 502 amino acid residues)/Cyclin C (1 to 283 amino acid residues) by reporter displacement assay,B,,,BAO_0000190,BAO_0000223,protein complex format,Cn1cc(-c2ccc(-c3cnc(N)c(C(F)(F)F)c3N3CCC4(CCNC4=O)CC3)cc2)cn1,,,CHEMBL3797072,J. Med. Chem.,2016.0,,CHEMBL3800105,,CHEMBL3800105,,0,,2773770,,1,0,,,IC50,,,,CHEMBL3883323,Homo sapiens,Cyclin-C/Cyclin-dependent kinase 19,9606,,,IC50,,,,
,16574970,[],CHEMBL3803437,Binding affinity to human CDK19 (1 to 502 amino acid residues)/Cyclin C (1 to 283 amino acid residues) by reporter displacement assay,B,,,BAO_0000190,BAO_0000223,protein complex format,Cn1cc(-c2ccc(-c3cnc(N)c(C(F)(F)F)c3N3CCC4(CC3)CNC(=O)O4)cc2)cn1,,,CHEMBL3797072,J. Med. Chem.,2016.0,"{'bei': '16.98', 'le': '0.32', 'lle': '4.19', 'sei': '8.16'}",CHEMBL3798568,,CHEMBL3798568,8.02,0,http://www.openphacts.org/units/Nanomolar,2773771,=,1,1,=,,IC50,nM,,9.5,CHEMBL3883323,Homo sapiens,Cyclin-C/Cyclin-dependent kinase 19,9606,,,IC50,nM,UO_0000065,,9.5
,16574977,[],CHEMBL3803437,Binding affinity to human CDK19 (1 to 502 amino acid residues)/Cyclin C (1 to 283 amino acid residues) by reporter displacement assay,B,,,BAO_0000190,BAO_0000223,protein complex format,CNc1n[nH]c2cc(-c3cncc(Cl)c3N3CCC4(CCNC4=O)CC3)ccc12,,,CHEMBL3797072,J. Med. Chem.,2016.0,"{'bei': '20.67', 'le': '0.40', 'lle': '5.06', 'sei': '9.88'}",CHEMBL3799824,,CHEMBL3799824,8.49,0,http://www.openphacts.org/units/Nanomolar,2773772,=,1,1,=,,IC50,nM,,3.2,CHEMBL3883323,Homo sapiens,Cyclin-C/Cyclin-dependent kinase 19,9606,,,IC50,nM,UO_0000065,,3.2
Not Determined,16574986,[],CHEMBL3803437,Binding affinity to human CDK19 (1 to 502 amino acid residues)/Cyclin C (1 to 283 amino acid residues) by reporter displacement assay,B,,,BAO_0000190,BAO_0000223,protein complex format,Cn1nc(N)c2ccc(-c3cncc(Cl)c3N3CCC4(CCNC4=O)CC3)cc21,,,CHEMBL3797072,J. Med. Chem.,2016.0,,CHEMBL3799592,,CHEMBL3799592,,0,,2773773,,1,0,,,IC50,,,,CHEMBL3883323,Homo sapiens,Cyclin-C/Cyclin-dependent kinase 19,9606,,,IC50,,,,
Not Determined,16574995,[],CHEMBL3803437,Binding affinity to human CDK19 (1 to 502 amino acid residues)/Cyclin C (1 to 283 amino acid residues) by reporter displacement assay,B,,,BAO_0000190,BAO_0000223,protein complex format,CN(C)c1nn(C)c2cc(-c3cncc(Cl)c3N3CCC4(CCNC4=O)CC3)ccc12,,,CHEMBL3797072,J. Med. Chem.,2016.0,,CHEMBL3798283,,CHEMBL3798283,,0,,2773745,,1,0,,,IC50,,,,CHEMBL3883323,Homo sapiens,Cyclin-C/Cyclin-dependent kinase 19,9606,,,IC50,,,,
Not Determined,16575005,[],CHEMBL3803437,Binding affinity to human CDK19 (1 to 502 amino acid residues)/Cyclin C (1 to 283 amino acid residues) by reporter displacement assay,B,,,BAO_0000190,BAO_0000223,protein complex format,CN1C(=O)NC(=O)C12CCN(c1c(Cl)cncc1-c1ccc(-c3cnn(C)c3)cc1)CC2,,,CHEMBL3797072,J. Med. Chem.,2016.0,,CHEMBL3798611,,CHEMBL3798611,,0,,2773774,,1,0,,,IC50,,,,CHEMBL3883323,Homo sapiens,Cyclin-C/Cyclin-dependent kinase 19,9606,,,IC50,,,,
Not Determined,16575014,[],CHEMBL3803437,Binding affinity to human CDK19 (1 to 502 amino acid residues)/Cyclin C (1 to 283 amino acid residues) by reporter displacement assay,B,,,BAO_0000190,BAO_0000223,protein complex format,CN1CNC(=O)C12CCN(c1c(Cl)cncc1-c1ccc(-c3cnn(C)c3)cc1)CC2,,,CHEMBL3797072,J. Med. Chem.,2016.0,,CHEMBL3800080,,CHEMBL3800080,,0,,2773747,,1,0,,,IC50,,,,CHEMBL3883323,Homo sapiens,Cyclin-C/Cyclin-dependent kinase 19,9606,,,IC50,,,,
Not Determined,16575024,[],CHEMBL3803437,Binding affinity to human CDK19 (1 to 502 amino acid residues)/Cyclin C (1 to 283 amino acid residues) by reporter displacement assay,B,,,BAO_0000190,BAO_0000223,protein complex format,Cn1cc(-c2ccc(-c3cncc(Cl)c3N3CCC4(CC3)C(=O)NCN4CC(F)(F)F)cc2)cn1,,,CHEMBL3797072,J. Med. Chem.,2016.0,,CHEMBL3799579,,CHEMBL3799579,,0,,2773748,,1,0,,,IC50,,,,CHEMBL3883323,Homo sapiens,Cyclin-C/Cyclin-dependent kinase 19,9606,,,IC50,,,,
Not Determined,16575032,[],CHEMBL3803437,Binding affinity to human CDK19 (1 to 502 amino acid residues)/Cyclin C (1 to 283 amino acid residues) by reporter displacement assay,B,,,BAO_0000190,BAO_0000223,protein complex format,CC(C)n1cc(-c2ccc(-c3cnc(N)c(Cl)c3N3CCC4(CCNC4=O)CC3)cc2)cn1,,,CHEMBL3797072,J. Med. Chem.,2016.0,,CHEMBL3797823,,CHEMBL3797823,,0,,2773749,,1,0,,,IC50,,,,CHEMBL3883323,Homo sapiens,Cyclin-C/Cyclin-dependent kinase 19,9606,,,IC50,,,,
,16575042,[],CHEMBL3803437,Binding affinity to human CDK19 (1 to 502 amino acid residues)/Cyclin C (1 to 283 amino acid residues) by reporter displacement assay,B,,,BAO_0000190,BAO_0000223,protein complex format,Cn1ncc2cc(-c3cnc(N)c(Cl)c3N3CCC4(CCNC4=O)CC3)ccc21,,,CHEMBL3797072,J. Med. Chem.,2016.0,"{'bei': '20.89', 'le': '0.40', 'lle': '5.61', 'sei': '9.64'}",CHEMBL3798382,,CHEMBL3798382,8.59,0,http://www.openphacts.org/units/Nanomolar,2773775,=,1,1,=,,IC50,nM,,2.6,CHEMBL3883323,Homo sapiens,Cyclin-C/Cyclin-dependent kinase 19,9606,,,IC50,nM,UO_0000065,,2.6
Not Determined,16575066,[],CHEMBL3803437,Binding affinity to human CDK19 (1 to 502 amino acid residues)/Cyclin C (1 to 283 amino acid residues) by reporter displacement assay,B,,,BAO_0000190,BAO_0000223,protein complex format,Cn1ncc2cc(-c3cnc(N)c(Cl)c3N3CCC4(CC3)CNC(=O)O4)ccc21,,,CHEMBL3797072,J. Med. Chem.,2016.0,,CHEMBL3799073,,CHEMBL3799073,,0,,2773776,,1,0,,,IC50,,,,CHEMBL3883323,Homo sapiens,Cyclin-C/Cyclin-dependent kinase 19,9606,,,IC50,,,,
Not Determined,16575076,[],CHEMBL3803437,Binding affinity to human CDK19 (1 to 502 amino acid residues)/Cyclin C (1 to 283 amino acid residues) by reporter displacement assay,B,,,BAO_0000190,BAO_0000223,protein complex format,CC(C)n1ncc2cc(-c3cnc(N)c(Cl)c3N3CCC4(CCNC4=O)CC3)ccc21,,,CHEMBL3797072,J. Med. Chem.,2016.0,,CHEMBL3800533,,CHEMBL3800533,,0,,2773752,,1,0,,,IC50,,,,CHEMBL3883323,Homo sapiens,Cyclin-C/Cyclin-dependent kinase 19,9606,,,IC50,,,,
,16576002,[],CHEMBL3803437,Binding affinity to human CDK19 (1 to 502 amino acid residues)/Cyclin C (1 to 283 amino acid residues) by reporter displacement assay,B,,,BAO_0000190,BAO_0000223,protein complex format,Cn1cc(-c2ccc(-c3cncc(Cl)c3N3CCC4(CCNC4=O)CC3)cc2)cn1,,,CHEMBL3797072,J. Med. Chem.,2016.0,"{'bei': '19.49', 'le': '0.37', 'lle': '4.31', 'sei': '13.04'}",CHEMBL3408213,,CHEMBL3408213,8.22,0,http://www.openphacts.org/units/Nanomolar,2773454,=,1,1,=,,IC50,nM,,6.0,CHEMBL3883323,Homo sapiens,Cyclin-C/Cyclin-dependent kinase 19,9606,,,IC50,nM,UO_0000065,,6.0
,16650909,[],CHEMBL3829702,Binding affinity to human CDK19 (1 to 502 residues)/cyclin C (1 to 283 residues) by reporter probe displacement assay,B,,,BAO_0000190,BAO_0000223,protein complex format,COC1CN(C(=O)c2ccc3c(N)ncc(-c4ccc(-c5cnn(C)c5)cc4)c3n2)C1,,,CHEMBL3826875,ACS Med. Chem. Lett.,2016.0,"{'bei': '19.91', 'le': '0.36', 'lle': '5.50', 'sei': '8.32'}",CHEMBL3828553,,CHEMBL3828553,8.25,0,http://www.openphacts.org/units/Nanomolar,2789469,=,1,1,=,,IC50,nM,,5.6,CHEMBL3883323,Homo sapiens,Cyclin-C/Cyclin-dependent kinase 19,9606,,,IC50,nM,UO_0000065,,5.6
,16650910,[],CHEMBL3829702,Binding affinity to human CDK19 (1 to 502 residues)/cyclin C (1 to 283 residues) by reporter probe displacement assay,B,,,BAO_0000190,BAO_0000223,protein complex format,COC1CN(C(=O)c2ccc3c(N)ncc(-c4ccc(-c5cnn(C)c5)cc4)c3c2)C1,,,CHEMBL3826875,ACS Med. Chem. Lett.,2016.0,"{'bei': '18.68', 'le': '0.34', 'lle': '4.37', 'sei': '8.96'}",CHEMBL3827758,,CHEMBL3827758,7.73,0,http://www.openphacts.org/units/Nanomolar,2789477,=,1,1,=,,IC50,nM,,18.8,CHEMBL3883323,Homo sapiens,Cyclin-C/Cyclin-dependent kinase 19,9606,,,IC50,nM,UO_0000065,,18.8
,18095000,[],CHEMBL4020956,Inhibition of kinase tracer 236 binding to GST-tagged CDK19/CycC (unknown origin) after 60 min by TR-FRET assay,B,,,BAO_0000190,BAO_0000223,protein complex format,O=C(/C=C/c1cnccc1-c1cn[nH]c1)Nc1ccc(CN2CCOCC2)cc1,,,CHEMBL4020708,Bioorg Med Chem,2017.0,"{'bei': '17.97', 'le': '0.33', 'lle': '4.04', 'sei': '8.42'}",CHEMBL4091527,,CHEMBL4091527,7.00,0,http://www.openphacts.org/units/Nanomolar,3000529,=,1,1,=,,IC50,nM,,100.0,CHEMBL3883323,Homo sapiens,Cyclin-C/Cyclin-dependent kinase 19,9606,,,IC50,nM,UO_0000065,,100.0
,18095035,[],CHEMBL4020956,Inhibition of kinase tracer 236 binding to GST-tagged CDK19/CycC (unknown origin) after 60 min by TR-FRET assay,B,,,BAO_0000190,BAO_0000223,protein complex format,Cn1cc(-c2ccncc2/C=C/C(=O)Nc2ccc(CN3CCOCC3)cc2)cn1,,,CHEMBL4020708,Bioorg Med Chem,2017.0,"{'bei': '19.39', 'le': '0.36', 'lle': '4.85', 'sei': '10.82'}",CHEMBL4063709,,CHEMBL4063709,7.82,0,http://www.openphacts.org/units/Nanomolar,3000528,=,1,1,=,,IC50,nM,,15.0,CHEMBL3883323,Homo sapiens,Cyclin-C/Cyclin-dependent kinase 19,9606,,,IC50,nM,UO_0000065,,15.0
,18095036,[],CHEMBL4020956,Inhibition of kinase tracer 236 binding to GST-tagged CDK19/CycC (unknown origin) after 60 min by TR-FRET assay,B,,,BAO_0000190,BAO_0000223,protein complex format,O=C(/C=C/c1cnccc1-c1cnn(C2CC2)c1)Nc1ccc(CN2CCOCC2)cc1,,,CHEMBL4020708,Bioorg Med Chem,2017.0,"{'bei': '18.90', 'le': '0.35', 'lle': '4.36', 'sei': '11.23'}",CHEMBL4092865,,CHEMBL4092865,8.12,0,http://www.openphacts.org/units/Nanomolar,3000533,=,1,1,=,,IC50,nM,,7.6,CHEMBL3883323,Homo sapiens,Cyclin-C/Cyclin-dependent kinase 19,9606,,,IC50,nM,UO_0000065,,7.6
,18095037,[],CHEMBL4020956,Inhibition of kinase tracer 236 binding to GST-tagged CDK19/CycC (unknown origin) after 60 min by TR-FRET assay,B,,,BAO_0000190,BAO_0000223,protein complex format,Cn1cc(-c2ccncc2CCC(=O)Nc2ccc(CN3CCOCC3)cc2)cn1,,,CHEMBL4020708,Bioorg Med Chem,2017.0,"{'bei': '18.01', 'le': '0.33', 'lle': '4.41', 'sei': '10.10'}",CHEMBL4074871,,CHEMBL4074871,7.30,0,http://www.openphacts.org/units/Nanomolar,3000537,=,1,1,=,,IC50,nM,,50.0,CHEMBL3883323,Homo sapiens,Cyclin-C/Cyclin-dependent kinase 19,9606,,,IC50,nM,UO_0000065,,50.0
,18095038,[],CHEMBL4020956,Inhibition of kinase tracer 236 binding to GST-tagged CDK19/CycC (unknown origin) after 60 min by TR-FRET assay,B,,,BAO_0000190,BAO_0000223,protein complex format,O=C(CCc1cnccc1-c1cnn(C2CC2)c1)Nc1ccc(CN2CCOCC2)cc1,,,CHEMBL4020708,Bioorg Med Chem,2017.0,"{'bei': '17.12', 'le': '0.32', 'lle': '3.71', 'sei': '10.22'}",CHEMBL4093832,,CHEMBL4093832,7.39,0,http://www.openphacts.org/units/Nanomolar,3000538,=,1,1,=,,IC50,nM,,41.0,CHEMBL3883323,Homo sapiens,Cyclin-C/Cyclin-dependent kinase 19,9606,,,IC50,nM,UO_0000065,,41.0
,18134333,[],CHEMBL4029552,Inhibition of kinase tracer-236 binding to GST-tagged CDK19/CyclinC (unknown origin) after 60 mins by TR-FRET assay,B,,,BAO_0000190,BAO_0000223,protein complex format,COc1sc(C(N)=O)c2c1-c1sncc1CC2,,,CHEMBL4028808,Bioorg Med Chem,2017.0,"{'bei': '32.11', 'le': '0.69', 'lle': '6.47', 'sei': '13.12'}",CHEMBL4069854,,CHEMBL4069854,8.55,0,http://www.openphacts.org/units/Nanomolar,3007985,=,1,1,=,,IC50,nM,,2.8,CHEMBL3883323,Homo sapiens,Cyclin-C/Cyclin-dependent kinase 19,9606,,,IC50,nM,UO_0000065,,2.8
,18134334,[],CHEMBL4029552,Inhibition of kinase tracer-236 binding to GST-tagged CDK19/CyclinC (unknown origin) after 60 mins by TR-FRET assay,B,,,BAO_0000190,BAO_0000223,protein complex format,NC(=O)c1sc(Oc2ccccc2)c2c1CCc1cnsc1-2,,,CHEMBL4028808,Bioorg Med Chem,2017.0,"{'bei': '28.19', 'le': '0.57', 'lle': '5.40', 'sei': '14.20'}",CHEMBL4083552,,CHEMBL4083552,9.26,0,http://www.openphacts.org/units/Nanomolar,3007986,=,1,1,=,,IC50,nM,,0.55,CHEMBL3883323,Homo sapiens,Cyclin-C/Cyclin-dependent kinase 19,9606,,,IC50,nM,UO_0000065,,0.55
,18134335,[],CHEMBL4029552,Inhibition of kinase tracer-236 binding to GST-tagged CDK19/CyclinC (unknown origin) after 60 mins by TR-FRET assay,B,,,BAO_0000190,BAO_0000223,protein complex format,NC(=O)c1sc(Oc2ccccn2)c2c1CCc1cnsc1-2,,,CHEMBL4028808,Bioorg Med Chem,2017.0,"{'bei': '23.08', 'le': '0.47', 'lle': '4.34', 'sei': '9.73'}",CHEMBL4061783,,CHEMBL4061783,7.60,0,http://www.openphacts.org/units/Nanomolar,3007987,=,1,1,=,,IC50,nM,,25.0,CHEMBL3883323,Homo sapiens,Cyclin-C/Cyclin-dependent kinase 19,9606,,,IC50,nM,UO_0000065,,25.0
,18134336,[],CHEMBL4029552,Inhibition of kinase tracer-236 binding to GST-tagged CDK19/CyclinC (unknown origin) after 60 mins by TR-FRET assay,B,,,BAO_0000190,BAO_0000223,protein complex format,NC(=O)c1sc(Oc2cccnc2)c2c1CCc1cnsc1-2,,,CHEMBL4028808,Bioorg Med Chem,2017.0,"{'bei': '26.01', 'le': '0.53', 'lle': '5.31', 'sei': '10.97'}",CHEMBL4091345,,CHEMBL4091345,8.57,0,http://www.openphacts.org/units/Nanomolar,3007988,=,1,1,=,,IC50,nM,,2.7,CHEMBL3883323,Homo sapiens,Cyclin-C/Cyclin-dependent kinase 19,9606,,,IC50,nM,UO_0000065,,2.7
,18134337,[],CHEMBL4029552,Inhibition of kinase tracer-236 binding to GST-tagged CDK19/CyclinC (unknown origin) after 60 mins by TR-FRET assay,B,,,BAO_0000190,BAO_0000223,protein complex format,Cc1ncccc1Oc1sc(C(N)=O)c2c1-c1sncc1CC2,,,CHEMBL4028808,Bioorg Med Chem,2017.0,"{'bei': '26.54', 'le': '0.54', 'lle': '5.55', 'sei': '11.67'}",CHEMBL4070408,,CHEMBL4070408,9.11,0,http://www.openphacts.org/units/Nanomolar,3007989,=,1,1,=,,IC50,nM,,0.77,CHEMBL3883323,Homo sapiens,Cyclin-C/Cyclin-dependent kinase 19,9606,,,IC50,nM,UO_0000065,,0.77
,18134338,[],CHEMBL4029552,Inhibition of kinase tracer-236 binding to GST-tagged CDK19/CyclinC (unknown origin) after 60 mins by TR-FRET assay,B,,,BAO_0000190,BAO_0000223,protein complex format,Cc1ccc(Oc2sc(C(N)=O)c3c2-c2sncc2CC3)cn1,,,CHEMBL4028808,Bioorg Med Chem,2017.0,"{'bei': '25.87', 'le': '0.53', 'lle': '5.33', 'sei': '11.38'}",CHEMBL4062244,,CHEMBL4062244,8.89,0,http://www.openphacts.org/units/Nanomolar,3007990,=,1,1,=,,IC50,nM,,1.3,CHEMBL3883323,Homo sapiens,Cyclin-C/Cyclin-dependent kinase 19,9606,,,IC50,nM,UO_0000065,,1.3
,18134339,[],CHEMBL4029552,Inhibition of kinase tracer-236 binding to GST-tagged CDK19/CyclinC (unknown origin) after 60 mins by TR-FRET assay,B,,,BAO_0000190,BAO_0000223,protein complex format,Cc1cncc(Oc2sc(C(N)=O)c3c2-c2sncc2CC3)c1,,,CHEMBL4028808,Bioorg Med Chem,2017.0,"{'bei': '23.40', 'le': '0.48', 'lle': '4.48', 'sei': '10.29'}",CHEMBL4072372,,CHEMBL4072372,8.04,0,http://www.openphacts.org/units/Nanomolar,3007991,=,1,1,=,,IC50,nM,,9.2,CHEMBL3883323,Homo sapiens,Cyclin-C/Cyclin-dependent kinase 19,9606,,,IC50,nM,UO_0000065,,9.2
,18134340,[],CHEMBL4029552,Inhibition of kinase tracer-236 binding to GST-tagged CDK19/CyclinC (unknown origin) after 60 mins by TR-FRET assay,B,,,BAO_0000190,BAO_0000223,protein complex format,Cc1ccncc1Oc1sc(C(N)=O)c2c1-c1sncc1CC2,,,CHEMBL4028808,Bioorg Med Chem,2017.0,"{'bei': '23.82', 'le': '0.49', 'lle': '4.62', 'sei': '10.47'}",CHEMBL4060714,,CHEMBL4060714,8.18,0,http://www.openphacts.org/units/Nanomolar,3007992,=,1,1,=,,IC50,nM,,6.6,CHEMBL3883323,Homo sapiens,Cyclin-C/Cyclin-dependent kinase 19,9606,,,IC50,nM,UO_0000065,,6.6
,18134341,[],CHEMBL4029552,Inhibition of kinase tracer-236 binding to GST-tagged CDK19/CyclinC (unknown origin) after 60 mins by TR-FRET assay,B,,,BAO_0000190,BAO_0000223,protein complex format,Cc1c(Oc2sc(C(N)=O)c3c2-c2sncc2CC3)ccc[n+]1[O-],,,CHEMBL4028808,Bioorg Med Chem,2017.0,"{'bei': '22.35', 'le': '0.46', 'lle': '5.23', 'sei': '8.72'}",CHEMBL4088931,,CHEMBL4088931,8.03,0,http://www.openphacts.org/units/Nanomolar,3007993,=,1,1,=,,IC50,nM,,9.3,CHEMBL3883323,Homo sapiens,Cyclin-C/Cyclin-dependent kinase 19,9606,,,IC50,nM,UO_0000065,,9.3
,18134342,[],CHEMBL4029552,Inhibition of kinase tracer-236 binding to GST-tagged CDK19/CyclinC (unknown origin) after 60 mins by TR-FRET assay,B,,,BAO_0000190,BAO_0000223,protein complex format,NC(=O)c1sc(Oc2ccc(N)nc2)c2c1CCc1cnsc1-2,,,CHEMBL4028808,Bioorg Med Chem,2017.0,"{'bei': '26.01', 'le': '0.53', 'lle': '6.12', 'sei': '8.60'}",CHEMBL4074204,,CHEMBL4074204,8.96,0,http://www.openphacts.org/units/Nanomolar,3007994,=,1,1,=,,IC50,nM,,1.1,CHEMBL3883323,Homo sapiens,Cyclin-C/Cyclin-dependent kinase 19,9606,,,IC50,nM,UO_0000065,,1.1
,18134343,[],CHEMBL4029552,Inhibition of kinase tracer-236 binding to GST-tagged CDK19/CyclinC (unknown origin) after 60 mins by TR-FRET assay,B,,,BAO_0000190,BAO_0000223,protein complex format,CNc1ccc(Oc2sc(C(N)=O)c3c2-c2sncc2CC3)cn1,,,CHEMBL4028808,Bioorg Med Chem,2017.0,"{'bei': '26.35', 'le': '0.54', 'lle': '6.14', 'sei': '10.48'}",CHEMBL4061525,,CHEMBL4061525,9.44,0,http://www.openphacts.org/units/Nanomolar,3007995,=,1,1,=,,IC50,nM,,0.36,CHEMBL3883323,Homo sapiens,Cyclin-C/Cyclin-dependent kinase 19,9606,,,IC50,nM,UO_0000065,,0.36
,18134344,[],CHEMBL4029552,Inhibition of kinase tracer-236 binding to GST-tagged CDK19/CyclinC (unknown origin) after 60 mins by TR-FRET assay,B,,,BAO_0000190,BAO_0000223,protein complex format,CC(=O)Nc1ccc(Oc2sc(C(N)=O)c3c2-c2sncc2CC3)cn1,,,CHEMBL4028808,Bioorg Med Chem,2017.0,"{'bei': '23.92', 'le': '0.49', 'lle': '6.03', 'sei': '8.62'}",CHEMBL4086487,,CHEMBL4086487,9.24,0,http://www.openphacts.org/units/Nanomolar,3007996,=,1,1,=,,IC50,nM,,0.57,CHEMBL3883323,Homo sapiens,Cyclin-C/Cyclin-dependent kinase 19,9606,,,IC50,nM,UO_0000065,,0.57
,18134345,[],CHEMBL4029552,Inhibition of kinase tracer-236 binding to GST-tagged CDK19/CyclinC (unknown origin) after 60 mins by TR-FRET assay,B,,,BAO_0000190,BAO_0000223,protein complex format,NC(=O)c1ccc(Oc2sc(C(N)=O)c3c2-c2sncc2CC3)cn1,,,CHEMBL4028808,Bioorg Med Chem,2017.0,"{'bei': '24.20', 'le': '0.49', 'lle': '6.65', 'sei': '7.44'}",CHEMBL4060856,,CHEMBL4060856,9.01,0,http://www.openphacts.org/units/Nanomolar,3007997,=,1,1,=,,IC50,nM,,0.97,CHEMBL3883323,Homo sapiens,Cyclin-C/Cyclin-dependent kinase 19,9606,,,IC50,nM,UO_0000065,,0.97
,18134346,[],CHEMBL4029552,Inhibition of kinase tracer-236 binding to GST-tagged CDK19/CyclinC (unknown origin) after 60 mins by TR-FRET assay,B,,,BAO_0000190,BAO_0000223,protein complex format,CNC(=O)c1ccc(Oc2sc(C(N)=O)c3c2-c2sncc2CC3)cn1,,,CHEMBL4028808,Bioorg Med Chem,2017.0,"{'bei': '23.29', 'le': '0.47', 'lle': '6.38', 'sei': '8.40'}",CHEMBL4076395,,CHEMBL4076395,9.00,0,http://www.openphacts.org/units/Nanomolar,3007998,=,1,1,=,,IC50,nM,,1.0,CHEMBL3883323,Homo sapiens,Cyclin-C/Cyclin-dependent kinase 19,9606,,,IC50,nM,UO_0000065,,1.0
,18134347,[],CHEMBL4029552,Inhibition of kinase tracer-236 binding to GST-tagged CDK19/CyclinC (unknown origin) after 60 mins by TR-FRET assay,B,,,BAO_0000190,BAO_0000223,protein complex format,CN(C)C(=O)c1ccc(Oc2sc(C(N)=O)c3c2-c2sncc2CC3)cn1,,,CHEMBL4028808,Bioorg Med Chem,2017.0,"{'bei': '19.17', 'le': '0.39', 'lle': '4.72', 'sei': '7.80'}",CHEMBL4063680,,CHEMBL4063680,7.68,0,http://www.openphacts.org/units/Nanomolar,3007999,=,1,1,=,,IC50,nM,,21.0,CHEMBL3883323,Homo sapiens,Cyclin-C/Cyclin-dependent kinase 19,9606,,,IC50,nM,UO_0000065,,21.0
,18134348,[],CHEMBL4029552,Inhibition of kinase tracer-236 binding to GST-tagged CDK19/CyclinC (unknown origin) after 60 mins by TR-FRET assay,B,,,BAO_0000190,BAO_0000223,protein complex format,CC(C)(O)CNC(=O)c1ccc(Oc2sc(C(N)=O)c3c2-c2sncc2CC3)cn1,,,CHEMBL4028808,Bioorg Med Chem,2017.0,"{'bei': '19.39', 'le': '0.39', 'lle': '5.86', 'sei': '6.76'}",CHEMBL4090775,,CHEMBL4090775,8.62,0,http://www.openphacts.org/units/Nanomolar,3008000,=,1,1,=,,IC50,nM,,2.4,CHEMBL3883323,Homo sapiens,Cyclin-C/Cyclin-dependent kinase 19,9606,,,IC50,nM,UO_0000065,,2.4
,18134349,[],CHEMBL4029552,Inhibition of kinase tracer-236 binding to GST-tagged CDK19/CyclinC (unknown origin) after 60 mins by TR-FRET assay,B,,,BAO_0000190,BAO_0000223,protein complex format,COCCNC(=O)c1ccc(Oc2sc(C(N)=O)c3c2-c2sncc2CC3)cn1,,,CHEMBL4028808,Bioorg Med Chem,2017.0,"{'bei': '20.92', 'le': '0.42', 'lle': '6.37', 'sei': '7.73'}",CHEMBL4066819,,CHEMBL4066819,9.00,0,http://www.openphacts.org/units/Nanomolar,3008001,=,1,1,=,,IC50,nM,,0.99,CHEMBL3883323,Homo sapiens,Cyclin-C/Cyclin-dependent kinase 19,9606,,,IC50,nM,UO_0000065,,0.99
,18134350,[],CHEMBL4029552,Inhibition of kinase tracer-236 binding to GST-tagged CDK19/CyclinC (unknown origin) after 60 mins by TR-FRET assay,B,,,BAO_0000190,BAO_0000223,protein complex format,CCOCCNC(=O)c1ccc(Oc2sc(C(N)=O)c3c2-c2sncc2CC3)cn1,,,CHEMBL4028808,Bioorg Med Chem,2017.0,"{'bei': '19.62', 'le': '0.40', 'lle': '5.70', 'sei': '7.49'}",CHEMBL4077627,,CHEMBL4077627,8.72,0,http://www.openphacts.org/units/Nanomolar,3008002,=,1,1,=,,IC50,nM,,1.9,CHEMBL3883323,Homo sapiens,Cyclin-C/Cyclin-dependent kinase 19,9606,,,IC50,nM,UO_0000065,,1.9
,18134351,[],CHEMBL4029552,Inhibition of kinase tracer-236 binding to GST-tagged CDK19/CyclinC (unknown origin) after 60 mins by TR-FRET assay,B,,,BAO_0000190,BAO_0000223,protein complex format,COCCNC(=O)c1ccc(Oc2sc(C(N)=O)c3c2-c2sncc2CC3)c(C)n1,,,CHEMBL4028808,Bioorg Med Chem,2017.0,"{'bei': '19.99', 'le': '0.40', 'lle': '5.95', 'sei': '7.63'}",CHEMBL4071040,,CHEMBL4071040,8.89,0,http://www.openphacts.org/units/Nanomolar,3008003,=,1,1,=,,IC50,nM,,1.3,CHEMBL3883323,Homo sapiens,Cyclin-C/Cyclin-dependent kinase 19,9606,,,IC50,nM,UO_0000065,,1.3
,18134518,[],CHEMBL4029552,Inhibition of kinase tracer-236 binding to GST-tagged CDK19/CyclinC (unknown origin) after 60 mins by TR-FRET assay,B,,,BAO_0000190,BAO_0000223,protein complex format,CS(=O)(=O)c1sc(C(N)=O)c2c1-c1sncc1CC2,,,CHEMBL4028808,Bioorg Med Chem,2017.0,"{'bei': '22.13', 'le': '0.50', 'lle': '5.49', 'sei': '7.72'}",CHEMBL4097047,,CHEMBL4097047,6.96,0,http://www.openphacts.org/units/Nanomolar,3007984,=,1,1,=,,IC50,nM,,110.0,CHEMBL3883323,Homo sapiens,Cyclin-C/Cyclin-dependent kinase 19,9606,,,IC50,nM,UO_0000065,,110.0
,18134519,[],CHEMBL4029552,Inhibition of kinase tracer-236 binding to GST-tagged CDK19/CyclinC (unknown origin) after 60 mins by TR-FRET assay,B,,,BAO_0000190,BAO_0000223,protein complex format,C[S+]([O-])c1sc(C(N)=O)c2c1-c1sncc1CC2,,,CHEMBL4028808,Bioorg Med Chem,2017.0,"{'bei': '22.87', 'le': '0.52', 'lle': '5.01', 'sei': '9.34'}",CHEMBL4102907,,CHEMBL4102907,6.82,0,http://www.openphacts.org/units/Nanomolar,3007983,=,1,1,=,,IC50,nM,,150.0,CHEMBL3883323,Homo sapiens,Cyclin-C/Cyclin-dependent kinase 19,9606,,,IC50,nM,UO_0000065,,150.0
,18134520,[],CHEMBL4029552,Inhibition of kinase tracer-236 binding to GST-tagged CDK19/CyclinC (unknown origin) after 60 mins by TR-FRET assay,B,,,BAO_0000190,BAO_0000223,protein complex format,CSc1sc(C(=O)Nc2ccsn2)c2c1-c1sncc1CC2,,,CHEMBL4028808,Bioorg Med Chem,2017.0,"{'bei': '19.24', 'le': '0.44', 'lle': '2.63', 'sei': '12.81'}",CHEMBL4084957,,CHEMBL4084957,7.03,0,http://www.openphacts.org/units/Nanomolar,3007970,=,1,1,=,,IC50,nM,,93.0,CHEMBL3883323,Homo sapiens,Cyclin-C/Cyclin-dependent kinase 19,9606,,,IC50,nM,UO_0000065,,93.0
,18134521,[],CHEMBL4029552,Inhibition of kinase tracer-236 binding to GST-tagged CDK19/CyclinC (unknown origin) after 60 mins by TR-FRET assay,B,,,BAO_0000190,BAO_0000223,protein complex format,CSc1sc(C(=O)Nc2ccon2)c2c1-c1sncc1CC2,,,CHEMBL4028808,Bioorg Med Chem,2017.0,"{'bei': '22.39', 'le': '0.49', 'lle': '3.89', 'sei': '11.50'}",CHEMBL4065027,,CHEMBL4065027,7.82,0,http://www.openphacts.org/units/Nanomolar,3007969,=,1,1,=,,IC50,nM,,15.0,CHEMBL3883323,Homo sapiens,Cyclin-C/Cyclin-dependent kinase 19,9606,,,IC50,nM,UO_0000065,,15.0
,18134522,[],CHEMBL4029552,Inhibition of kinase tracer-236 binding to GST-tagged CDK19/CyclinC (unknown origin) after 60 mins by TR-FRET assay,B,,,BAO_0000190,BAO_0000223,protein complex format,CSc1sc(C(=O)Nc2ccn(C)n2)c2c1-c1sncc1CC2,,,CHEMBL4028808,Bioorg Med Chem,2017.0,"{'bei': '19.83', 'le': '0.43', 'lle': '3.51', 'sei': '12.02'}",CHEMBL4092709,,CHEMBL4092709,7.19,0,http://www.openphacts.org/units/Nanomolar,3007968,=,1,1,=,,IC50,nM,,65.0,CHEMBL3883323,Homo sapiens,Cyclin-C/Cyclin-dependent kinase 19,9606,,,IC50,nM,UO_0000065,,65.0
,18134523,[],CHEMBL4029552,Inhibition of kinase tracer-236 binding to GST-tagged CDK19/CyclinC (unknown origin) after 60 mins by TR-FRET assay,B,,,BAO_0000190,BAO_0000223,protein complex format,CSc1sc(C(=O)Nc2ccccn2)c2c1-c1sncc1CC2,,,CHEMBL4028808,Bioorg Med Chem,2017.0,"{'bei': '17.80', 'le': '0.38', 'lle': '2.06', 'sei': '11.66'}",CHEMBL4073611,,CHEMBL4073611,6.40,0,http://www.openphacts.org/units/Nanomolar,3007972,=,1,1,=,,IC50,nM,,400.0,CHEMBL3883323,Homo sapiens,Cyclin-C/Cyclin-dependent kinase 19,9606,,,IC50,nM,UO_0000065,,400.0
,18134524,[],CHEMBL4029552,Inhibition of kinase tracer-236 binding to GST-tagged CDK19/CyclinC (unknown origin) after 60 mins by TR-FRET assay,B,,,BAO_0000190,BAO_0000223,protein complex format,CSc1sc(C(=O)Nc2ccccc2)c2c1-c1sncc1CC2,,,CHEMBL4028808,Bioorg Med Chem,2017.0,"{'bei': '17.17', 'le': '0.37', 'lle': '1.21', 'sei': '14.66'}",CHEMBL4100438,,CHEMBL4100438,6.16,0,http://www.openphacts.org/units/Nanomolar,3007971,=,1,1,=,,IC50,nM,,700.0,CHEMBL3883323,Homo sapiens,Cyclin-C/Cyclin-dependent kinase 19,9606,,,IC50,nM,UO_0000065,,700.0
,18134525,[],CHEMBL4029552,Inhibition of kinase tracer-236 binding to GST-tagged CDK19/CyclinC (unknown origin) after 60 mins by TR-FRET assay,B,,,BAO_0000190,BAO_0000223,protein complex format,CSc1sc(C(=O)N(C)C)c2c1-c1sncc1CC2,,,CHEMBL4028808,Bioorg Med Chem,2017.0,"{'bei': '22.29', 'le': '0.50', 'lle': '3.53', 'sei': '20.85'}",CHEMBL4083979,,CHEMBL4083979,6.92,0,http://www.openphacts.org/units/Nanomolar,3007974,=,1,1,=,,IC50,nM,,120.0,CHEMBL3883323,Homo sapiens,Cyclin-C/Cyclin-dependent kinase 19,9606,,,IC50,nM,UO_0000065,,120.0
,18134526,[],CHEMBL4029552,Inhibition of kinase tracer-236 binding to GST-tagged CDK19/CyclinC (unknown origin) after 60 mins by TR-FRET assay,B,,,BAO_0000190,BAO_0000223,protein complex format,CNC(=O)c1sc(SC)c2c1CCc1cnsc1-2,,,CHEMBL4028808,Bioorg Med Chem,2017.0,"{'bei': '25.83', 'le': '0.58', 'lle': '4.61', 'sei': '18.24'}",CHEMBL4062262,,CHEMBL4062262,7.66,0,http://www.openphacts.org/units/Nanomolar,3007973,=,1,1,=,,IC50,nM,,22.0,CHEMBL3883323,Homo sapiens,Cyclin-C/Cyclin-dependent kinase 19,9606,,,IC50,nM,UO_0000065,,22.0
,18134527,[],CHEMBL4029552,Inhibition of kinase tracer-236 binding to GST-tagged CDK19/CyclinC (unknown origin) after 60 mins by TR-FRET assay,B,,,BAO_0000190,BAO_0000223,protein complex format,CSc1sc(C#N)c2c1-c1sncc1CC2,,,CHEMBL4028808,Bioorg Med Chem,2017.0,"{'bei': '27.75', 'le': '0.63', 'lle': '3.78', 'sei': '20.00'}",CHEMBL4082699,,CHEMBL4082699,7.34,0,http://www.openphacts.org/units/Nanomolar,3007976,=,1,1,=,,IC50,nM,,46.0,CHEMBL3883323,Homo sapiens,Cyclin-C/Cyclin-dependent kinase 19,9606,,,IC50,nM,UO_0000065,,46.0
,18134528,[],CHEMBL4029552,Inhibition of kinase tracer-236 binding to GST-tagged CDK19/CyclinC (unknown origin) after 60 mins by TR-FRET assay,B,,,BAO_0000190,BAO_0000223,protein complex format,CSc1sc(C(=O)O)c2c1-c1sncc1CC2,,,CHEMBL4028808,Bioorg Med Chem,2017.0,"{'bei': '27.95', 'le': '0.64', 'lle': '4.53', 'sei': '15.78'}",CHEMBL4059564,,CHEMBL4059564,7.92,0,http://www.openphacts.org/units/Nanomolar,3007975,=,1,1,=,,IC50,nM,,12.0,CHEMBL3883323,Homo sapiens,Cyclin-C/Cyclin-dependent kinase 19,9606,,,IC50,nM,UO_0000065,,12.0
,18134529,[],CHEMBL4029552,Inhibition of kinase tracer-236 binding to GST-tagged CDK19/CyclinC (unknown origin) after 60 mins by TR-FRET assay,B,,,BAO_0000190,BAO_0000223,protein complex format,CSc1sc(C(N)=O)c2c1-c1snnc1CC2,,,CHEMBL4028808,Bioorg Med Chem,2017.0,"{'bei': '24.30', 'le': '0.55', 'lle': '4.70', 'sei': '10.00'}",CHEMBL4060582,,CHEMBL4060582,6.89,0,http://www.openphacts.org/units/Nanomolar,3007979,=,1,1,=,,IC50,nM,,130.0,CHEMBL3883323,Homo sapiens,Cyclin-C/Cyclin-dependent kinase 19,9606,,,IC50,nM,UO_0000065,,130.0
,18134530,[],CHEMBL4029552,Inhibition of kinase tracer-236 binding to GST-tagged CDK19/CyclinC (unknown origin) after 60 mins by TR-FRET assay,B,,,BAO_0000190,BAO_0000223,protein complex format,CSc1sc(C(N)=O)c2c1-c1sncc1CC2,,,CHEMBL4028808,Bioorg Med Chem,2017.0,"{'bei': '31.46', 'le': '0.71', 'lle': '6.10', 'sei': '15.87'}",CHEMBL4082469,,CHEMBL4082469,8.89,0,http://www.openphacts.org/units/Nanomolar,3007978,=,1,1,=,,IC50,nM,,1.3,CHEMBL3883323,Homo sapiens,Cyclin-C/Cyclin-dependent kinase 19,9606,,,IC50,nM,UO_0000065,1.7,1.3
,18134531,[],CHEMBL4029552,Inhibition of kinase tracer-236 binding to GST-tagged CDK19/CyclinC (unknown origin) after 60 mins by TR-FRET assay,B,,,BAO_0000190,BAO_0000223,protein complex format,CSc1sc(C(N)=O)c2c1-c1oncc1CC2,,,CHEMBL4028808,Bioorg Med Chem,2017.0,"{'bei': '26.84', 'le': '0.57', 'lle': '4.83', 'sei': '10.34'}",CHEMBL4069269,,CHEMBL4069269,7.15,0,http://www.openphacts.org/units/Nanomolar,3007977,=,1,1,=,,IC50,nM,,71.0,CHEMBL3883323,Homo sapiens,Cyclin-C/Cyclin-dependent kinase 19,9606,,,IC50,nM,UO_0000065,,71.0
,18134532,[],CHEMBL4029552,Inhibition of kinase tracer-236 binding to GST-tagged CDK19/CyclinC (unknown origin) after 60 mins by TR-FRET assay,B,,,BAO_0000190,BAO_0000223,protein complex format,CSc1sc(C(N)=O)c2c1-c1[nH]ncc1CC2,,,CHEMBL4028808,Bioorg Med Chem,2017.0,"{'bei': '20.76', 'le': '0.44', 'lle': '3.45', 'sei': '7.68'}",CHEMBL4090315,,CHEMBL4090315,5.51,0,http://www.openphacts.org/units/Nanomolar,3007981,=,1,1,=,,IC50,nM,,3100.0,CHEMBL3883323,Homo sapiens,Cyclin-C/Cyclin-dependent kinase 19,9606,,,IC50,nM,UO_0000065,,3100.0
Not Determined,18134533,[],CHEMBL4029552,Inhibition of kinase tracer-236 binding to GST-tagged CDK19/CyclinC (unknown origin) after 60 mins by TR-FRET assay,B,,,BAO_0000190,BAO_0000223,protein complex format,CSc1sc(C(N)=O)c2c1-c1nn(C)cc1CC2,,,CHEMBL4028808,Bioorg Med Chem,2017.0,,CHEMBL4091219,,CHEMBL4091219,,0,,3007980,,1,0,,,IC50,,,,CHEMBL3883323,Homo sapiens,Cyclin-C/Cyclin-dependent kinase 19,9606,,,IC50,,,,
,18134534,[],CHEMBL4029552,Inhibition of kinase tracer-236 binding to GST-tagged CDK19/CyclinC (unknown origin) after 60 mins by TR-FRET assay,B,,,BAO_0000190,BAO_0000223,protein complex format,CSc1sc(C(N)=O)c2c1-c1c(cnn1C)CC2,,,CHEMBL4028808,Bioorg Med Chem,2017.0,"{'bei': '27.64', 'le': '0.59', 'lle': '5.65', 'sei': '12.68'}",CHEMBL4063358,,CHEMBL4063358,7.72,0,http://www.openphacts.org/units/Nanomolar,3007982,=,1,1,=,,IC50,nM,,19.0,CHEMBL3883323,Homo sapiens,Cyclin-C/Cyclin-dependent kinase 19,9606,,,IC50,nM,UO_0000065,,19.0
,18568723,[],CHEMBL4220240,Inhibition of CDK19/Cyclin-C (unknown origin) in presence of [gamma33P]ATP by radiometric method,B,,,BAO_0000190,BAO_0000223,protein complex format,Cc1c(Br)c(Br)c2c3c1nc(N1CCNCC1)n3CCC2,,,CHEMBL4219051,J Med Chem,2018.0,"{'bei': '19.32', 'le': '0.52', 'lle': '4.77', 'sei': '24.18'}",CHEMBL4225966,SEL-120,CHEMBL4225966,8.00,0,http://www.openphacts.org/units/Nanomolar,3083112,=,1,1,=,,IC50,nM,,10.0,CHEMBL3883323,Homo sapiens,Cyclin-C/Cyclin-dependent kinase 19,9606,,,IC50,nM,UO_0000065,,10.0
,18568727,[],CHEMBL4220240,Inhibition of CDK19/Cyclin-C (unknown origin) in presence of [gamma33P]ATP by radiometric method,B,,,BAO_0000190,BAO_0000223,protein complex format,CN1CCN(C(=O)c2ccc3cc(CCNc4ncnc5ccc(C#N)cc45)ccc3c2)CC1,,,CHEMBL4219051,J Med Chem,2018.0,"{'bei': '18.59', 'le': '0.34', 'lle': '4.68', 'sei': '9.84'}",CHEMBL4076837,SENEXIN B,CHEMBL4076837,8.38,0,http://www.openphacts.org/units/Nanomolar,3083114,=,1,1,=,,IC50,nM,,4.2,CHEMBL3883323,Homo sapiens,Cyclin-C/Cyclin-dependent kinase 19,9606,,,IC50,nM,UO_0000065,,4.2
,19298510,[],CHEMBL4413174,Inhibition of recombinant human GST/His-tagged CDK11 (1 to 502 residues)/cyclinC (1 to 283 residues) catalytic domain expressed in insect cells by Lantha screen eu binding assay,B,,,BAO_0000190,BAO_0000219,cell-based format,CC1CCc2nc(N)c(C#N)c(-c3cccnc3)c2C1,,,CHEMBL4411304,Eur J Med Chem,2019.0,,CHEMBL1409113,,CHEMBL1409113,,0,http://www.openphacts.org/units/Nanomolar,3222531,>,1,1,>,,IC50,nM,,30000.0,CHEMBL3883323,Homo sapiens,Cyclin-C/Cyclin-dependent kinase 19,9606,,,IC50,uM,UO_0000065,,30.0
,19298512,[],CHEMBL4413176,Displacement of Kinase tracer 236 from GST-fused CDK19/cyclin C (unknown origin) after 60 mins by TR-FRET assay,B,,,BAO_0000190,BAO_0000223,protein complex format,O=C(/C=C/c1cnccc1-c1ccc(F)cc1)Nc1ccc(CCc2nnco2)cc1,,,CHEMBL4411304,Eur J Med Chem,2019.0,"{'bei': '17.39', 'le': '0.32', 'lle': '2.50', 'sei': '8.91'}",CHEMBL4580000,,CHEMBL4580000,7.21,0,http://www.openphacts.org/units/Nanomolar,3222532,=,1,1,=,,IC50,nM,,62.0,CHEMBL3883323,Homo sapiens,Cyclin-C/Cyclin-dependent kinase 19,9606,,,IC50,nM,UO_0000065,,62.0
,19298515,[],CHEMBL4413176,Displacement of Kinase tracer 236 from GST-fused CDK19/cyclin C (unknown origin) after 60 mins by TR-FRET assay,B,,,BAO_0000190,BAO_0000223,protein complex format,Cc1ncccc1Oc1sc(C(N)=O)c2c1-c1c(cnn1C)CC2,,,CHEMBL4411304,Eur J Med Chem,2019.0,"{'bei': '25.62', 'le': '0.50', 'lle': '5.88', 'sei': '10.50'}",CHEMBL4552616,,CHEMBL4552616,8.72,0,http://www.openphacts.org/units/Nanomolar,3222533,=,1,1,=,,IC50,nM,,1.9,CHEMBL3883323,Homo sapiens,Cyclin-C/Cyclin-dependent kinase 19,9606,,,IC50,nM,UO_0000065,,1.9
,22891282,[],CHEMBL4729451,Inhibition of CDK11/cyclin C (unknown origin),B,,,BAO_0000190,BAO_0000223,protein complex format,CC(=O)N1CCN([C@H]2CC[C@@H](Nc3ncnn4ccc(C(C)C)c34)CC2)CC1,,,CHEMBL4725370,J Med Chem,2020.0,"{'bei': '18.61', 'le': '0.35', 'lle': '4.41', 'sei': '10.88'}",CHEMBL4744403,,CHEMBL4744403,7.16,0,http://www.openphacts.org/units/Nanomolar,3552673,=,1,1,=,,IC50,nM,,70.0,CHEMBL3883323,Homo sapiens,Cyclin-C/Cyclin-dependent kinase 19,9606,,,IC50,nM,UO_0000065,,70.0
,22891283,[],CHEMBL4729451,Inhibition of CDK11/cyclin C (unknown origin),B,,,BAO_0000190,BAO_0000223,protein complex format,CC(C)c1ccn2ncnc(N[C@H]3CC[C@@H](N4CCN(C(=O)CCC(=O)N5CCC(CCN6CCN(c7ccc8c(c7)C(=O)N(C7CCC(=O)NC7=O)C8=O)CC6)CC5)CC4)CC3)c12,,,CHEMBL4725370,J Med Chem,2020.0,"{'bei': '8.88', 'le': '0.17', 'lle': '4.45', 'sei': '4.43'}",CHEMBL4749646,,CHEMBL4749646,7.80,0,http://www.openphacts.org/units/Nanomolar,3552691,=,1,1,=,,IC50,nM,,16.0,CHEMBL3883323,Homo sapiens,Cyclin-C/Cyclin-dependent kinase 19,9606,,,IC50,nM,UO_0000065,,16.0
,22941933,"[{'comments': None, 'relation': '=', 'result_flag': 0, 'standard_relation': '=', 'standard_text_value': None, 'standard_type': 'TIME', 'standard_units': 'hr', 'standard_value': '1.0', 'text_value': None, 'type': 'Time', 'units': 'min', 'value': '60.0'}]",CHEMBL4742446,Inhibition of kinase tracer 236 binding to full-length His-tagged recombinant human CDK19/cyclin C incubated for 60 mins by FRET based LanthaScreen Eu-Kinase binding assay,B,,,BAO_0000190,BAO_0000223,protein complex format,COc1ccccc1-c1c(C(N)=O)[nH]c2c1C(C)(C)Oc1cnccc1-2,Non standard unit for type,Units for this activity type are unusual and may be incorrect (or the standard_type may be incorrect),CHEMBL4742387,,,,CHEMBL4789204,,CHEMBL4789204,,0,,3562732,=,38,0,=,,IC50,10^-7mol/L,,2.29,CHEMBL3883323,Homo sapiens,Cyclin-C/Cyclin-dependent kinase 19,9606,,,IC50,10^-7mol/L,,,2.29
,22941934,"[{'comments': None, 'relation': '=', 'result_flag': 0, 'standard_relation': '=', 'standard_text_value': None, 'standard_type': 'TIME', 'standard_units': 'hr', 'standard_value': '1.0', 'text_value': None, 'type': 'Time', 'units': 'min', 'value': '60.0'}]",CHEMBL4742446,Inhibition of kinase tracer 236 binding to full-length His-tagged recombinant human CDK19/cyclin C incubated for 60 mins by FRET based LanthaScreen Eu-Kinase binding assay,B,,,BAO_0000190,BAO_0000223,protein complex format,CC1(C)Oc2cnccc2-c2[nH]c(C(N)=O)c(-c3ccc4[nH]ncc4c3)c21,Non standard unit for type,Units for this activity type are unusual and may be incorrect (or the standard_type may be incorrect),CHEMBL4742387,,,,CHEMBL4793114,,CHEMBL4793114,,0,,3562734,=,38,0,=,,IC50,10^-5 mol/L,,1.0,CHEMBL3883323,Homo sapiens,Cyclin-C/Cyclin-dependent kinase 19,9606,,,IC50,10^-5 mol/L,,,1.0
,22941935,"[{'comments': None, 'relation': '=', 'result_flag': 0, 'standard_relation': '=', 'standard_text_value': None, 'standard_type': 'TIME', 'standard_units': 'hr', 'standard_value': '1.0', 'text_value': None, 'type': 'Time', 'units': 'min', 'value': '60.0'}]",CHEMBL4742446,Inhibition of kinase tracer 236 binding to full-length His-tagged recombinant human CDK19/cyclin C incubated for 60 mins by FRET based LanthaScreen Eu-Kinase binding assay,B,,,BAO_0000190,BAO_0000223,protein complex format,CCn1c(C(N)=O)cc2c1-c1ccncc1OC21CCC1,Non standard unit for type,Units for this activity type are unusual and may be incorrect (or the standard_type may be incorrect),CHEMBL4742387,,,,CHEMBL4789125,,CHEMBL4789125,,0,,3562735,=,38,0,=,,IC50,10^-9mol/L,,1.41,CHEMBL3883323,Homo sapiens,Cyclin-C/Cyclin-dependent kinase 19,9606,,,IC50,10^-9mol/L,,,1.41
,22941936,"[{'comments': None, 'relation': '=', 'result_flag': 0, 'standard_relation': '=', 'standard_text_value': None, 'standard_type': 'TIME', 'standard_units': 'hr', 'standard_value': '1.0', 'text_value': None, 'type': 'Time', 'units': 'min', 'value': '60.0'}]",CHEMBL4742446,Inhibition of kinase tracer 236 binding to full-length His-tagged recombinant human CDK19/cyclin C incubated for 60 mins by FRET based LanthaScreen Eu-Kinase binding assay,B,,,BAO_0000190,BAO_0000223,protein complex format,Cn1c(C(N)=O)cc2c1-c1ccncc1OC21CCC1,Non standard unit for type,Units for this activity type are unusual and may be incorrect (or the standard_type may be incorrect),CHEMBL4742387,,,,CHEMBL4780792,,CHEMBL4780792,,0,,3562736,=,38,0,=,,IC50,10^-9mol/L,,1.41,CHEMBL3883323,Homo sapiens,Cyclin-C/Cyclin-dependent kinase 19,9606,,,IC50,10^-9mol/L,,,1.41
,22941937,"[{'comments': None, 'relation': '=', 'result_flag': 0, 'standard_relation': '=', 'standard_text_value': None, 'standard_type': 'TIME', 'standard_units': 'hr', 'standard_value': '1.0', 'text_value': None, 'type': 'Time', 'units': 'min', 'value': '60.0'}]",CHEMBL4742446,Inhibition of kinase tracer 236 binding to full-length His-tagged recombinant human CDK19/cyclin C incubated for 60 mins by FRET based LanthaScreen Eu-Kinase binding assay,B,,,BAO_0000190,BAO_0000223,protein complex format,CCn1c(C(N)=O)c(-c2ccccc2OC)c2c1-c1ccncc1OC2(C)C,Non standard unit for type,Units for this activity type are unusual and may be incorrect (or the standard_type may be incorrect),CHEMBL4742387,,,,CHEMBL4790936,,CHEMBL4790936,,0,,3562737,=,38,0,=,,IC50,10^-8mol/L,,1.64,CHEMBL3883323,Homo sapiens,Cyclin-C/Cyclin-dependent kinase 19,9606,,,IC50,10^-8mol/L,,,1.64
,22941938,"[{'comments': None, 'relation': '=', 'result_flag': 0, 'standard_relation': '=', 'standard_text_value': None, 'standard_type': 'TIME', 'standard_units': 'hr', 'standard_value': '1.0', 'text_value': None, 'type': 'Time', 'units': 'min', 'value': '60.0'}]",CHEMBL4742446,Inhibition of kinase tracer 236 binding to full-length His-tagged recombinant human CDK19/cyclin C incubated for 60 mins by FRET based LanthaScreen Eu-Kinase binding assay,B,,,BAO_0000190,BAO_0000223,protein complex format,NC(=O)c1cc2c([nH]1)-c1ccncc1OC2C1CCCCC1,Non standard unit for type,Units for this activity type are unusual and may be incorrect (or the standard_type may be incorrect),CHEMBL4742387,,,,CHEMBL4778755,,CHEMBL4778755,,0,,3562738,=,38,0,=,,IC50,10^-8mol/L,,8.73,CHEMBL3883323,Homo sapiens,Cyclin-C/Cyclin-dependent kinase 19,9606,,,IC50,10^-8mol/L,,,8.73
,22941939,"[{'comments': None, 'relation': '=', 'result_flag': 0, 'standard_relation': '=', 'standard_text_value': None, 'standard_type': 'TIME', 'standard_units': 'hr', 'standard_value': '1.0', 'text_value': None, 'type': 'Time', 'units': 'min', 'value': '60.0'}]",CHEMBL4742446,Inhibition of kinase tracer 236 binding to full-length His-tagged recombinant human CDK19/cyclin C incubated for 60 mins by FRET based LanthaScreen Eu-Kinase binding assay,B,,,BAO_0000190,BAO_0000223,protein complex format,NC(=O)c1cc2c([nH]1)-c1ccncc1O[C@H]2C1CCCCC1,Non standard unit for type,Units for this activity type are unusual and may be incorrect (or the standard_type may be incorrect),CHEMBL4742387,,,,CHEMBL4777501,,CHEMBL4777501,,0,,3562739,=,38,0,=,,IC50,10^-9mol/L,,7.14,CHEMBL3883323,Homo sapiens,Cyclin-C/Cyclin-dependent kinase 19,9606,,,IC50,10^-9mol/L,,,7.14
,22941940,"[{'comments': None, 'relation': '=', 'result_flag': 0, 'standard_relation': '=', 'standard_text_value': None, 'standard_type': 'TIME', 'standard_units': 'hr', 'standard_value': '1.0', 'text_value': None, 'type': 'Time', 'units': 'min', 'value': '60.0'}]",CHEMBL4742446,Inhibition of kinase tracer 236 binding to full-length His-tagged recombinant human CDK19/cyclin C incubated for 60 mins by FRET based LanthaScreen Eu-Kinase binding assay,B,,,BAO_0000190,BAO_0000223,protein complex format,NC(=O)c1cc2c([nH]1)-c1ccncc1OC2C1CCOCC1,Non standard unit for type,Units for this activity type are unusual and may be incorrect (or the standard_type may be incorrect),CHEMBL4742387,,,,CHEMBL4780361,,CHEMBL4780361,,0,,3562741,=,38,0,=,,IC50,10^-8mol/L,,1.42,CHEMBL3883323,Homo sapiens,Cyclin-C/Cyclin-dependent kinase 19,9606,,,IC50,10^-8mol/L,,,1.42
,22941941,"[{'comments': None, 'relation': '=', 'result_flag': 0, 'standard_relation': '=', 'standard_text_value': None, 'standard_type': 'TIME', 'standard_units': 'hr', 'standard_value': '1.0', 'text_value': None, 'type': 'Time', 'units': 'min', 'value': '60.0'}]",CHEMBL4742446,Inhibition of kinase tracer 236 binding to full-length His-tagged recombinant human CDK19/cyclin C incubated for 60 mins by FRET based LanthaScreen Eu-Kinase binding assay,B,,,BAO_0000190,BAO_0000223,protein complex format,COc1ccccc1-c1c2c(n(CCF)c1C(N)=O)-c1ccncc1OC2(C)C,Non standard unit for type,Units for this activity type are unusual and may be incorrect (or the standard_type may be incorrect),CHEMBL4742387,,,,CHEMBL4776585,,CHEMBL4776585,,0,,3562742,=,38,0,=,,IC50,10^-8mol/L,,9.73,CHEMBL3883323,Homo sapiens,Cyclin-C/Cyclin-dependent kinase 19,9606,,,IC50,10^-8mol/L,,,9.73
,22941942,"[{'comments': None, 'relation': '=', 'result_flag': 0, 'standard_relation': '=', 'standard_text_value': None, 'standard_type': 'TIME', 'standard_units': 'hr', 'standard_value': '1.0', 'text_value': None, 'type': 'Time', 'units': 'min', 'value': '60.0'}]",CHEMBL4742446,Inhibition of kinase tracer 236 binding to full-length His-tagged recombinant human CDK19/cyclin C incubated for 60 mins by FRET based LanthaScreen Eu-Kinase binding assay,B,,,BAO_0000190,BAO_0000223,protein complex format,CCn1c(C(N)=O)c(-c2ccccc2C(F)(F)F)c2c1-c1ccncc1OC2(C)C,Non standard unit for type,Units for this activity type are unusual and may be incorrect (or the standard_type may be incorrect),CHEMBL4742387,,,,CHEMBL4776992,,CHEMBL4776992,,0,,3562744,=,38,0,=,,IC50,10^-8mol/L,,1.67,CHEMBL3883323,Homo sapiens,Cyclin-C/Cyclin-dependent kinase 19,9606,,,IC50,10^-8mol/L,,,1.67
,22941943,"[{'comments': None, 'relation': '=', 'result_flag': 0, 'standard_relation': '=', 'standard_text_value': None, 'standard_type': 'TIME', 'standard_units': 'hr', 'standard_value': '1.0', 'text_value': None, 'type': 'Time', 'units': 'min', 'value': '60.0'}]",CHEMBL4742446,Inhibition of kinase tracer 236 binding to full-length His-tagged recombinant human CDK19/cyclin C incubated for 60 mins by FRET based LanthaScreen Eu-Kinase binding assay,B,,,BAO_0000190,BAO_0000223,protein complex format,NC(=O)c1cc2c(n1CCF)-c1ccncc1OC21CCC1,Non standard unit for type,Units for this activity type are unusual and may be incorrect (or the standard_type may be incorrect),CHEMBL4742387,,,,CHEMBL4789603,,CHEMBL4789603,,0,,3562745,=,38,0,=,,IC50,10^-10mol/L,,8.27,CHEMBL3883323,Homo sapiens,Cyclin-C/Cyclin-dependent kinase 19,9606,,,IC50,10^-10mol/L,,,8.27
,22941944,"[{'comments': None, 'relation': '=', 'result_flag': 0, 'standard_relation': '=', 'standard_text_value': None, 'standard_type': 'TIME', 'standard_units': 'hr', 'standard_value': '1.0', 'text_value': None, 'type': 'Time', 'units': 'min', 'value': '60.0'}]",CHEMBL4742446,Inhibition of kinase tracer 236 binding to full-length His-tagged recombinant human CDK19/cyclin C incubated for 60 mins by FRET based LanthaScreen Eu-Kinase binding assay,B,,,BAO_0000190,BAO_0000223,protein complex format,CCn1c(C(N)=O)cc2c1-c1ccncc1OC21CCN(CC(F)(F)F)CC1,Non standard unit for type,Units for this activity type are unusual and may be incorrect (or the standard_type may be incorrect),CHEMBL4742387,,,,CHEMBL4782696,,CHEMBL4782696,,0,,3562748,=,38,0,=,,IC50,10^-9mol/L,,3.14,CHEMBL3883323,Homo sapiens,Cyclin-C/Cyclin-dependent kinase 19,9606,,,IC50,10^-9mol/L,,,3.14
,22941945,"[{'comments': None, 'relation': '=', 'result_flag': 0, 'standard_relation': '=', 'standard_text_value': None, 'standard_type': 'TIME', 'standard_units': 'hr', 'standard_value': '1.0', 'text_value': None, 'type': 'Time', 'units': 'min', 'value': '60.0'}]",CHEMBL4742446,Inhibition of kinase tracer 236 binding to full-length His-tagged recombinant human CDK19/cyclin C incubated for 60 mins by FRET based LanthaScreen Eu-Kinase binding assay,B,,,BAO_0000190,BAO_0000223,protein complex format,CCn1c(C(N)=O)cc2c1-c1ccncc1OC21CCCCC1,Non standard unit for type,Units for this activity type are unusual and may be incorrect (or the standard_type may be incorrect),CHEMBL4742387,,,,CHEMBL4777356,,CHEMBL4777356,,0,,3562749,=,38,0,=,,IC50,10^-10mol/L,,7.7,CHEMBL3883323,Homo sapiens,Cyclin-C/Cyclin-dependent kinase 19,9606,,,IC50,10^-10mol/L,,,7.7
,22941946,"[{'comments': None, 'relation': '=', 'result_flag': 0, 'standard_relation': '=', 'standard_text_value': None, 'standard_type': 'TIME', 'standard_units': 'hr', 'standard_value': '1.0', 'text_value': None, 'type': 'Time', 'units': 'min', 'value': '60.0'}]",CHEMBL4742446,Inhibition of kinase tracer 236 binding to full-length His-tagged recombinant human CDK19/cyclin C incubated for 60 mins by FRET based LanthaScreen Eu-Kinase binding assay,B,,,BAO_0000190,BAO_0000223,protein complex format,Cn1c(C(N)=O)cc2c1-c1ccncc1OC21CCOCC1,Non standard unit for type,Units for this activity type are unusual and may be incorrect (or the standard_type may be incorrect),CHEMBL4742387,,,,CHEMBL4794862,,CHEMBL4794862,,0,,3562750,=,38,0,=,,IC50,10^-9mol/L,,6.1,CHEMBL3883323,Homo sapiens,Cyclin-C/Cyclin-dependent kinase 19,9606,,,IC50,10^-9mol/L,,,6.1
,22941947,"[{'comments': None, 'relation': '=', 'result_flag': 0, 'standard_relation': '=', 'standard_text_value': None, 'standard_type': 'TIME', 'standard_units': 'hr', 'standard_value': '1.0', 'text_value': None, 'type': 'Time', 'units': 'min', 'value': '60.0'}]",CHEMBL4742446,Inhibition of kinase tracer 236 binding to full-length His-tagged recombinant human CDK19/cyclin C incubated for 60 mins by FRET based LanthaScreen Eu-Kinase binding assay,B,,,BAO_0000190,BAO_0000223,protein complex format,CCn1c(C(N)=O)cc2c1-c1ccncc1OC21CCOCC1,Non standard unit for type,Units for this activity type are unusual and may be incorrect (or the standard_type may be incorrect),CHEMBL4742387,,,,CHEMBL4781993,,CHEMBL4781993,,0,,3562751,=,38,0,=,,IC50,10^-9mol/L,,4.58,CHEMBL3883323,Homo sapiens,Cyclin-C/Cyclin-dependent kinase 19,9606,,,IC50,10^-9mol/L,,,4.58
,22941948,"[{'comments': None, 'relation': '=', 'result_flag': 0, 'standard_relation': '=', 'standard_text_value': None, 'standard_type': 'TIME', 'standard_units': 'hr', 'standard_value': '1.0', 'text_value': None, 'type': 'Time', 'units': 'min', 'value': '60.0'}]",CHEMBL4742446,Inhibition of kinase tracer 236 binding to full-length His-tagged recombinant human CDK19/cyclin C incubated for 60 mins by FRET based LanthaScreen Eu-Kinase binding assay,B,,,BAO_0000190,BAO_0000223,protein complex format,Cn1c(C(N)=O)cc2c1-c1ccncc1OC21CCCCC1,Non standard unit for type,Units for this activity type are unusual and may be incorrect (or the standard_type may be incorrect),CHEMBL4742387,,,,CHEMBL4776812,,CHEMBL4776812,,0,,3562752,=,38,0,=,,IC50,10^-9mol/L,,1.41,CHEMBL3883323,Homo sapiens,Cyclin-C/Cyclin-dependent kinase 19,9606,,,IC50,10^-9mol/L,,,1.41
,22941949,"[{'comments': None, 'relation': '=', 'result_flag': 0, 'standard_relation': '=', 'standard_text_value': None, 'standard_type': 'TIME', 'standard_units': 'hr', 'standard_value': '1.0', 'text_value': None, 'type': 'Time', 'units': 'min', 'value': '60.0'}]",CHEMBL4742446,Inhibition of kinase tracer 236 binding to full-length His-tagged recombinant human CDK19/cyclin C incubated for 60 mins by FRET based LanthaScreen Eu-Kinase binding assay,B,,,BAO_0000190,BAO_0000223,protein complex format,CC1(C)Oc2cnccc2-c2[nH]c(C(N)=O)c(C3CC3)c21,Non standard unit for type,Units for this activity type are unusual and may be incorrect (or the standard_type may be incorrect),CHEMBL4742387,,,,CHEMBL4792305,,CHEMBL4792305,,0,,3562754,=,38,0,=,,IC50,10^-10mol/L,,4.8,CHEMBL3883323,Homo sapiens,Cyclin-C/Cyclin-dependent kinase 19,9606,,,IC50,10^-10mol/L,,,4.8
,22941950,"[{'comments': None, 'relation': '=', 'result_flag': 0, 'standard_relation': '=', 'standard_text_value': None, 'standard_type': 'TIME', 'standard_units': 'hr', 'standard_value': '1.0', 'text_value': None, 'type': 'Time', 'units': 'min', 'value': '60.0'}]",CHEMBL4742446,Inhibition of kinase tracer 236 binding to full-length His-tagged recombinant human CDK19/cyclin C incubated for 60 mins by FRET based LanthaScreen Eu-Kinase binding assay,B,,,BAO_0000190,BAO_0000223,protein complex format,COCCn1c(C(N)=O)cc2c1-c1ccncc1OC21CCOCC1,Non standard unit for type,Units for this activity type are unusual and may be incorrect (or the standard_type may be incorrect),CHEMBL4742387,,,,CHEMBL4792156,,CHEMBL4792156,,0,,3562755,=,38,0,=,,IC50,10^-8mol/L,,2.09,CHEMBL3883323,Homo sapiens,Cyclin-C/Cyclin-dependent kinase 19,9606,,,IC50,10^-8mol/L,,,2.09
,22941951,"[{'comments': None, 'relation': '=', 'result_flag': 0, 'standard_relation': '=', 'standard_text_value': None, 'standard_type': 'TIME', 'standard_units': 'hr', 'standard_value': '1.0', 'text_value': None, 'type': 'Time', 'units': 'min', 'value': '60.0'}]",CHEMBL4742446,Inhibition of kinase tracer 236 binding to full-length His-tagged recombinant human CDK19/cyclin C incubated for 60 mins by FRET based LanthaScreen Eu-Kinase binding assay,B,,,BAO_0000190,BAO_0000223,protein complex format,CCn1c(C(N)=O)cc2c1-c1ccncc1OC2C1CCCCC1,Non standard unit for type,Units for this activity type are unusual and may be incorrect (or the standard_type may be incorrect),CHEMBL4742387,,,,CHEMBL4793477,,CHEMBL4793477,,0,,3562757,=,38,0,=,,IC50,10^-9mol/L,,1.41,CHEMBL3883323,Homo sapiens,Cyclin-C/Cyclin-dependent kinase 19,9606,,,IC50,10^-9mol/L,,,1.41
,22941952,"[{'comments': None, 'relation': '=', 'result_flag': 0, 'standard_relation': '=', 'standard_text_value': None, 'standard_type': 'TIME', 'standard_units': 'hr', 'standard_value': '1.0', 'text_value': None, 'type': 'Time', 'units': 'min', 'value': '60.0'}]",CHEMBL4742446,Inhibition of kinase tracer 236 binding to full-length His-tagged recombinant human CDK19/cyclin C incubated for 60 mins by FRET based LanthaScreen Eu-Kinase binding assay,B,,,BAO_0000190,BAO_0000223,protein complex format,CCn1c(C(N)=O)cc2c1-c1ccncc1OC2C1CCCCC1,Non standard unit for type,Units for this activity type are unusual and may be incorrect (or the standard_type may be incorrect),CHEMBL4742387,,,,CHEMBL4793477,,CHEMBL4793477,,0,,3562758,=,38,0,=,,IC50,10^-9mol/L,,1.41,CHEMBL3883323,Homo sapiens,Cyclin-C/Cyclin-dependent kinase 19,9606,,,IC50,10^-9mol/L,,,1.41
,22941953,"[{'comments': None, 'relation': '=', 'result_flag': 0, 'standard_relation': '=', 'standard_text_value': None, 'standard_type': 'TIME', 'standard_units': 'hr', 'standard_value': '1.0', 'text_value': None, 'type': 'Time', 'units': 'min', 'value': '60.0'}]",CHEMBL4742446,Inhibition of kinase tracer 236 binding to full-length His-tagged recombinant human CDK19/cyclin C incubated for 60 mins by FRET based LanthaScreen Eu-Kinase binding assay,B,,,BAO_0000190,BAO_0000223,protein complex format,NC(=O)c1cc2c(n1CCF)-c1ccncc1OC21CCCCC1,Non standard unit for type,Units for this activity type are unusual and may be incorrect (or the standard_type may be incorrect),CHEMBL4742387,,,,CHEMBL4778840,,CHEMBL4778840,,0,,3562781,=,38,0,=,,IC50,10^-7mol/L,,1.48,CHEMBL3883323,Homo sapiens,Cyclin-C/Cyclin-dependent kinase 19,9606,,,IC50,10^-7mol/L,,,1.48
,22970718,"[{'comments': None, 'relation': '=', 'result_flag': 0, 'standard_relation': '=', 'standard_text_value': None, 'standard_type': 'TIME', 'standard_units': 'hr', 'standard_value': '2.333', 'text_value': None, 'type': 'Time', 'units': 'min', 'value': '140.0'}]",CHEMBL4770577,Inhibition of CDK19/Cyclin C (unknown origin) preincubated for 20 mins followed by ATP addition and measured after 120 mins in presence of [33P-gamma] ATP by hotspot kinase assay,B,,,BAO_0000190,BAO_0000223,protein complex format,COc1cc(F)ccc1-c1nc(Nc2ccc3c(N4CCOCC4)c(C(C)=O)c(=O)oc3c2)ncc1F,,,CHEMBL4765336,Eur J Med Chem,2020.0,"{'bei': '9.46', 'le': '0.18', 'lle': '0.49', 'sei': '4.50'}",CHEMBL4788347,,CHEMBL4788347,4.81,0,http://www.openphacts.org/units/Nanomolar,3567034,=,1,1,=,,IC50,nM,,15540.0,CHEMBL3883323,Homo sapiens,Cyclin-C/Cyclin-dependent kinase 19,9606,,,IC50,nM,UO_0000065,,15540.0
,23238808,[],CHEMBL4828664,Inhibition of tracer 236 binding to recombinant human GST/His-tagged CDK11 (1 to 502 residues)/Cyclin C( 1 to 283 residues) expressed in insect cells by Lanthascreen assay,B,,,BAO_0000190,BAO_0000219,cell-based format,Cn1ncc2cc(-c3cnc4[nH]ccc4c3N3CCC4(CCNC4=O)CC3)ccc21,,,CHEMBL4825780,ACS Med Chem Lett,2021.0,"{'bei': '20.36', 'le': '0.37', 'lle': '4.93', 'sei': '10.34'}",CHEMBL4856360,,CHEMBL4856360,8.15,0,http://www.openphacts.org/units/Nanomolar,3615144,=,1,1,=,,IC50,nM,,7.0,CHEMBL3883323,Homo sapiens,Cyclin-C/Cyclin-dependent kinase 19,9606,,,IC50,nM,UO_0000065,,7.0
,23238809,[],CHEMBL4828664,Inhibition of tracer 236 binding to recombinant human GST/His-tagged CDK11 (1 to 502 residues)/Cyclin C( 1 to 283 residues) expressed in insect cells by Lanthascreen assay,B,,,BAO_0000190,BAO_0000219,cell-based format,Cn1ncc2cc(-c3cnc4[nH]ncc4c3N3CCC4(CCNC4=O)CC3)ccc21,,,CHEMBL4825780,ACS Med Chem Lett,2021.0,"{'bei': '16.61', 'le': '0.30', 'lle': '4.05', 'sei': '7.27'}",CHEMBL4872958,,CHEMBL4872958,6.67,0,http://www.openphacts.org/units/Nanomolar,3615145,=,1,1,=,,IC50,nM,,214.0,CHEMBL3883323,Homo sapiens,Cyclin-C/Cyclin-dependent kinase 19,9606,,,IC50,nM,UO_0000065,,214.0
,23238810,[],CHEMBL4828664,Inhibition of tracer 236 binding to recombinant human GST/His-tagged CDK11 (1 to 502 residues)/Cyclin C( 1 to 283 residues) expressed in insect cells by Lanthascreen assay,B,,,BAO_0000190,BAO_0000219,cell-based format,Cn1ncc2cc(-c3cnc4[nH]cnc4c3N3CCC4(CCNC4=O)CC3)ccc21,,,CHEMBL4825780,ACS Med Chem Lett,2021.0,"{'bei': '20.68', 'le': '0.38', 'lle': '5.68', 'sei': '9.05'}",CHEMBL4851074,,CHEMBL4851074,8.30,0,http://www.openphacts.org/units/Nanomolar,3615146,=,1,1,=,,IC50,nM,,5.0,CHEMBL3883323,Homo sapiens,Cyclin-C/Cyclin-dependent kinase 19,9606,,,IC50,nM,UO_0000065,,5.0
Not Determined,23238811,[],CHEMBL4828664,Inhibition of tracer 236 binding to recombinant human GST/His-tagged CDK11 (1 to 502 residues)/Cyclin C( 1 to 283 residues) expressed in insect cells by Lanthascreen assay,B,,,BAO_0000190,BAO_0000219,cell-based format,Cn1ncc2cc(-c3cnc4sccc4c3N3CCC4(CCNC4=O)CC3)ccc21,,,CHEMBL4825780,ACS Med Chem Lett,2021.0,,CHEMBL4874173,,CHEMBL4874173,,0,,3615147,,1,0,,,IC50,,,,CHEMBL3883323,Homo sapiens,Cyclin-C/Cyclin-dependent kinase 19,9606,,,IC50,,,,
,23238812,[],CHEMBL4828664,Inhibition of tracer 236 binding to recombinant human GST/His-tagged CDK11 (1 to 502 residues)/Cyclin C( 1 to 283 residues) expressed in insect cells by Lanthascreen assay,B,,,BAO_0000190,BAO_0000219,cell-based format,O=C1NCCC12CCN(c1c(-c3ccc4scnc4c3)cnc3[nH]ccc13)CC2,,,CHEMBL4825780,ACS Med Chem Lett,2021.0,"{'bei': '19.46', 'le': '0.37', 'lle': '3.90', 'sei': '10.63'}",CHEMBL4872393,,CHEMBL4872393,7.85,0,http://www.openphacts.org/units/Nanomolar,3615148,=,1,1,=,,IC50,nM,,14.0,CHEMBL3883323,Homo sapiens,Cyclin-C/Cyclin-dependent kinase 19,9606,,,IC50,nM,UO_0000065,,14.0
,23238813,[],CHEMBL4828664,Inhibition of tracer 236 binding to recombinant human GST/His-tagged CDK11 (1 to 502 residues)/Cyclin C( 1 to 283 residues) expressed in insect cells by Lanthascreen assay,B,,,BAO_0000190,BAO_0000219,cell-based format,Cn1cnc2ccc(-c3cnc4[nH]ccc4c3N3CCC4(CCNC4=O)CC3)cc21,,,CHEMBL4825780,ACS Med Chem Lett,2021.0,"{'bei': '19.87', 'le': '0.36', 'lle': '4.74', 'sei': '10.09'}",CHEMBL4874290,,CHEMBL4874290,7.96,0,http://www.openphacts.org/units/Nanomolar,3615149,=,1,1,=,,IC50,nM,,11.0,CHEMBL3883323,Homo sapiens,Cyclin-C/Cyclin-dependent kinase 19,9606,,,IC50,nM,UO_0000065,,11.0
,23238814,[],CHEMBL4828664,Inhibition of tracer 236 binding to recombinant human GST/His-tagged CDK11 (1 to 502 residues)/Cyclin C( 1 to 283 residues) expressed in insect cells by Lanthascreen assay,B,,,BAO_0000190,BAO_0000219,cell-based format,O=C1NCCC12CCN(c1c(-c3ccc4ncsc4c3)cnc3[nH]ccc13)CC2,,,CHEMBL4825780,ACS Med Chem Lett,2021.0,"{'bei': '17.59', 'le': '0.33', 'lle': '3.15', 'sei': '9.60'}",CHEMBL4868667,,CHEMBL4868667,7.10,0,http://www.openphacts.org/units/Nanomolar,3615150,=,1,1,=,,IC50,nM,,80.0,CHEMBL3883323,Homo sapiens,Cyclin-C/Cyclin-dependent kinase 19,9606,,,IC50,nM,UO_0000065,,80.0
,23238815,[],CHEMBL4828664,Inhibition of tracer 236 binding to recombinant human GST/His-tagged CDK11 (1 to 502 residues)/Cyclin C( 1 to 283 residues) expressed in insect cells by Lanthascreen assay,B,,,BAO_0000190,BAO_0000219,cell-based format,Cn1cnc2cc(-c3cnc4[nH]ccc4c3N3CCC4(CCNC4=O)CC3)ccc21,,,CHEMBL4825780,ACS Med Chem Lett,2021.0,"{'bei': '18.23', 'le': '0.33', 'lle': '4.08', 'sei': '9.26'}",CHEMBL4869240,,CHEMBL4869240,7.30,0,http://www.openphacts.org/units/Nanomolar,3615151,=,1,1,=,,IC50,nM,,50.0,CHEMBL3883323,Homo sapiens,Cyclin-C/Cyclin-dependent kinase 19,9606,,,IC50,nM,UO_0000065,,50.0
,23238816,[],CHEMBL4828664,Inhibition of tracer 236 binding to recombinant human GST/His-tagged CDK11 (1 to 502 residues)/Cyclin C( 1 to 283 residues) expressed in insect cells by Lanthascreen assay,B,,,BAO_0000190,BAO_0000219,cell-based format,O=C1NCCC12CCN(c1c(-c3ccc4ncnn4c3)cnc3[nH]ccc13)CC2,,,CHEMBL4825780,ACS Med Chem Lett,2021.0,"{'bei': '15.46', 'le': '0.28', 'lle': '3.61', 'sei': '6.57'}",CHEMBL4854223,,CHEMBL4854223,5.99,0,http://www.openphacts.org/units/Nanomolar,3615152,=,1,1,=,,IC50,nM,,1020.0,CHEMBL3883323,Homo sapiens,Cyclin-C/Cyclin-dependent kinase 19,9606,,,IC50,nM,UO_0000065,,1020.0
,23238817,[],CHEMBL4828664,Inhibition of tracer 236 binding to recombinant human GST/His-tagged CDK11 (1 to 502 residues)/Cyclin C( 1 to 283 residues) expressed in insect cells by Lanthascreen assay,B,,,BAO_0000190,BAO_0000219,cell-based format,O=C1NCCC12CCN(c1c(-c3ccc4[nH]cnc4c3)cnc3[nH]ccc13)CC2,,,CHEMBL4825780,ACS Med Chem Lett,2021.0,"{'bei': '20.10', 'le': '0.37', 'lle': '4.56', 'sei': '8.66'}",CHEMBL4869328,,CHEMBL4869328,7.77,0,http://www.openphacts.org/units/Nanomolar,3615153,=,1,1,=,,IC50,nM,,17.0,CHEMBL3883323,Homo sapiens,Cyclin-C/Cyclin-dependent kinase 19,9606,,,IC50,nM,UO_0000065,,17.0
,23238818,[],CHEMBL4828664,Inhibition of tracer 236 binding to recombinant human GST/His-tagged CDK11 (1 to 502 residues)/Cyclin C( 1 to 283 residues) expressed in insect cells by Lanthascreen assay,B,,,BAO_0000190,BAO_0000219,cell-based format,O=C1NCCC12CCN(c1c(-c3ccn4ccnc4c3)cnc3[nH]ccc13)CC2,,,CHEMBL4825780,ACS Med Chem Lett,2021.0,"{'bei': '18.55', 'le': '0.34', 'lle': '4.19', 'sei': '9.15'}",CHEMBL4848729,,CHEMBL4848729,7.17,0,http://www.openphacts.org/units/Nanomolar,3615154,=,1,1,=,,IC50,nM,,68.0,CHEMBL3883323,Homo sapiens,Cyclin-C/Cyclin-dependent kinase 19,9606,,,IC50,nM,UO_0000065,,68.0
,23238819,[],CHEMBL4828664,Inhibition of tracer 236 binding to recombinant human GST/His-tagged CDK11 (1 to 502 residues)/Cyclin C( 1 to 283 residues) expressed in insect cells by Lanthascreen assay,B,,,BAO_0000190,BAO_0000219,cell-based format,Cn1ncc2cc(-c3cnc4[nH]cc(Cl)c4c3N3CCC4(CCNC4=O)CC3)ccc21,,,CHEMBL4825780,ACS Med Chem Lett,2021.0,"{'bei': '18.39', 'le': '0.35', 'lle': '4.12', 'sei': '10.15'}",CHEMBL4858092,,CHEMBL4858092,8.00,0,http://www.openphacts.org/units/Nanomolar,3615155,=,1,1,=,,IC50,nM,,10.0,CHEMBL3883323,Homo sapiens,Cyclin-C/Cyclin-dependent kinase 19,9606,,,IC50,nM,UO_0000065,,10.0
,23238820,[],CHEMBL4828664,Inhibition of tracer 236 binding to recombinant human GST/His-tagged CDK11 (1 to 502 residues)/Cyclin C( 1 to 283 residues) expressed in insect cells by Lanthascreen assay,B,,,BAO_0000190,BAO_0000219,cell-based format,Cn1ncc2cc(-c3cnc4[nH]nc(Cl)c4c3N3CCC4(CCNC4=O)CC3)ccc21,,,CHEMBL4825780,ACS Med Chem Lett,2021.0,"{'bei': '19.96', 'le': '0.38', 'lle': '5.43', 'sei': '9.48'}",CHEMBL4877883,,CHEMBL4877883,8.70,0,http://www.openphacts.org/units/Nanomolar,3615156,=,1,1,=,,IC50,nM,,2.0,CHEMBL3883323,Homo sapiens,Cyclin-C/Cyclin-dependent kinase 19,9606,,,IC50,nM,UO_0000065,,2.0
,23238821,[],CHEMBL4828664,Inhibition of tracer 236 binding to recombinant human GST/His-tagged CDK11 (1 to 502 residues)/Cyclin C( 1 to 283 residues) expressed in insect cells by Lanthascreen assay,B,,,BAO_0000190,BAO_0000219,cell-based format,Cn1ncc2cc(-c3cnc4[nH]ccc4c3N3CC4(CNC(=O)C4)C3)ccc21,,,CHEMBL4825780,ACS Med Chem Lett,2021.0,"{'bei': '16.53', 'le': '0.30', 'lle': '3.72', 'sei': '7.81'}",CHEMBL4856609,,CHEMBL4856609,6.16,0,http://www.openphacts.org/units/Nanomolar,3615157,=,1,1,=,,IC50,nM,,698.0,CHEMBL3883323,Homo sapiens,Cyclin-C/Cyclin-dependent kinase 19,9606,,,IC50,nM,UO_0000065,,698.0
,23238822,[],CHEMBL4828664,Inhibition of tracer 236 binding to recombinant human GST/His-tagged CDK11 (1 to 502 residues)/Cyclin C( 1 to 283 residues) expressed in insect cells by Lanthascreen assay,B,,,BAO_0000190,BAO_0000219,cell-based format,Cn1ncc2cc(-c3cnc4[nH]ccc4c3N3CC4(CCNC4=O)C3)ccc21,,,CHEMBL4825780,ACS Med Chem Lett,2021.0,"{'bei': '17.11', 'le': '0.31', 'lle': '3.93', 'sei': '8.08'}",CHEMBL4864356,,CHEMBL4864356,6.37,0,http://www.openphacts.org/units/Nanomolar,3615158,=,1,1,=,,IC50,nM,,426.0,CHEMBL3883323,Homo sapiens,Cyclin-C/Cyclin-dependent kinase 19,9606,,,IC50,nM,UO_0000065,,426.0
,23238823,[],CHEMBL4828664,Inhibition of tracer 236 binding to recombinant human GST/His-tagged CDK11 (1 to 502 residues)/Cyclin C( 1 to 283 residues) expressed in insect cells by Lanthascreen assay,B,,,BAO_0000190,BAO_0000219,cell-based format,Cn1ncc2cc(-c3cnc4[nH]ccc4c3N3CCC4(CCNC4=O)C3)ccc21,,,CHEMBL4825780,ACS Med Chem Lett,2021.0,"{'bei': '19.50', 'le': '0.35', 'lle': '4.71', 'sei': '9.56'}",CHEMBL4845941,,CHEMBL4845941,7.54,0,http://www.openphacts.org/units/Nanomolar,3615159,=,1,1,=,,IC50,nM,,29.0,CHEMBL3883323,Homo sapiens,Cyclin-C/Cyclin-dependent kinase 19,9606,,,IC50,nM,UO_0000065,,29.0
,23238824,[],CHEMBL4828664,Inhibition of tracer 236 binding to recombinant human GST/His-tagged CDK11 (1 to 502 residues)/Cyclin C( 1 to 283 residues) expressed in insect cells by Lanthascreen assay,B,,,BAO_0000190,BAO_0000219,cell-based format,Cn1ncc2cc(-c3cnc4[nH]ccc4c3N3CCC4(CC3)NC(=O)NC4=O)ccc21,,,CHEMBL4825780,ACS Med Chem Lett,2021.0,"{'bei': '20.94', 'le': '0.38', 'lle': '6.41', 'sei': '8.06'}",CHEMBL4850566,,CHEMBL4850566,8.70,0,http://www.openphacts.org/units/Nanomolar,3615160,=,1,1,=,,IC50,nM,,2.0,CHEMBL3883323,Homo sapiens,Cyclin-C/Cyclin-dependent kinase 19,9606,,,IC50,nM,UO_0000065,,2.0
,23238825,[],CHEMBL4828664,Inhibition of tracer 236 binding to recombinant human GST/His-tagged CDK11 (1 to 502 residues)/Cyclin C( 1 to 283 residues) expressed in insect cells by Lanthascreen assay,B,,,BAO_0000190,BAO_0000219,cell-based format,Cn1ncc2cc(-c3cnc4[nH]ccc4c3N3CCC4(CCCNC4=O)CC3)ccc21,,,CHEMBL4825780,ACS Med Chem Lett,2021.0,"{'bei': '20.56', 'le': '0.38', 'lle': '4.91', 'sei': '10.81'}",CHEMBL4849842,,CHEMBL4849842,8.52,0,http://www.openphacts.org/units/Nanomolar,3615161,=,1,1,=,,IC50,nM,,3.0,CHEMBL3883323,Homo sapiens,Cyclin-C/Cyclin-dependent kinase 19,9606,,,IC50,nM,UO_0000065,,3.0
,23238826,[],CHEMBL4828664,Inhibition of tracer 236 binding to recombinant human GST/His-tagged CDK11 (1 to 502 residues)/Cyclin C( 1 to 283 residues) expressed in insect cells by Lanthascreen assay,B,,,BAO_0000190,BAO_0000219,cell-based format,Cn1ncc2cc(-c3cnc4[nH]ccc4c3N3CCC4(CC3)CNC4=O)ccc21,,,CHEMBL4825780,ACS Med Chem Lett,2021.0,"{'bei': '21.27', 'le': '0.39', 'lle': '5.39', 'sei': '10.43'}",CHEMBL4878356,,CHEMBL4878356,8.22,0,http://www.openphacts.org/units/Nanomolar,3615162,=,1,1,=,,IC50,nM,,6.0,CHEMBL3883323,Homo sapiens,Cyclin-C/Cyclin-dependent kinase 19,9606,,,IC50,nM,UO_0000065,,6.0
,23238827,[],CHEMBL4828664,Inhibition of tracer 236 binding to recombinant human GST/His-tagged CDK11 (1 to 502 residues)/Cyclin C( 1 to 283 residues) expressed in insect cells by Lanthascreen assay,B,,,BAO_0000190,BAO_0000219,cell-based format,Cn1ncc2cc(-c3cnc4[nH]ccc4c3N3CCC4(CC3)CNC(=O)O4)ccc21,,,CHEMBL4825780,ACS Med Chem Lett,2021.0,"{'bei': '20.43', 'le': '0.37', 'lle': '5.02', 'sei': '9.34'}",CHEMBL4862777,,CHEMBL4862777,8.22,0,http://www.openphacts.org/units/Nanomolar,3615163,=,1,1,=,,IC50,nM,,6.0,CHEMBL3883323,Homo sapiens,Cyclin-C/Cyclin-dependent kinase 19,9606,,,IC50,nM,UO_0000065,,6.0
,23254696,[],CHEMBL4831817,Inhibition of CDK19/Cyclin C (unknown origin),B,,,BAO_0000190,BAO_0000223,protein complex format,CCOC(=O)/C=C/c1ccncc1-c1ccc2cc[nH]c2c1,,,CHEMBL4831484,Eur J Med Chem,2021.0,"{'bei': '25.11', 'le': '0.46', 'lle': '3.53', 'sei': '13.35'}",CHEMBL4853002,,CHEMBL4853002,7.34,0,http://www.openphacts.org/units/Nanomolar,3617578,=,1,1,=,,IC50,nM,,45.74,CHEMBL3883323,Homo sapiens,Cyclin-C/Cyclin-dependent kinase 19,9606,,,IC50,nM,UO_0000065,,45.74
,23254697,[],CHEMBL4831817,Inhibition of CDK19/Cyclin C (unknown origin),B,,,BAO_0000190,BAO_0000223,protein complex format,CNC(=O)/C=C/c1ccncc1-c1ccc2cc[nH]c2c1,,,CHEMBL4831484,Eur J Med Chem,2021.0,"{'bei': '27.22', 'le': '0.49', 'lle': '4.56', 'sei': '13.07'}",CHEMBL4849822,,CHEMBL4849822,7.55,0,http://www.openphacts.org/units/Nanomolar,3617598,=,1,1,=,,IC50,nM,,28.19,CHEMBL3883323,Homo sapiens,Cyclin-C/Cyclin-dependent kinase 19,9606,,,IC50,nM,UO_0000065,,28.19
